ID,Name,Link,Address,Coordinates,Open time,Close time,Average price,Overall price level
1,Smaki Maki,https://glovoapp.com/ua/uk/lviv/smaki-maki-lvi/,"Hetmana Mazepy St, 11, L'viv, L'vivs'ka oblast, Ukraine, 79000","{'lat': 49.8696054, 'lng': 24.0263964}",00:00:00,12:00:00,184.0,High
2,Kebab Chef / Кебаб Шеф,https://glovoapp.com/ua/uk/lviv/kebab-chef-lvi/,"Stepana Bandery St, 23, L'viv, L'vivs'ka oblast, Ukraine, 79000","{'lat': 49.83445829999999, 'lng': 24.0148553}",10:00:00,22:00:00,145.0,Medium-High
3,Kazbegi / Казбегі,https://glovoapp.com/ua/uk/lviv/kazbegi-lvi/,"1 V.gorgasali St, Stepantsminda 4700, Georgia","{'lat': 42.6590035, 'lng': 44.65085649999999}",00:00:00,12:00:00,182.0,Medium-High
4,I love kebab / Я люблю кебаб,https://glovoapp.com/ua/uk/lviv/ya-lyublyu-kebab-lvi/,"біля входу в обласну лікарню, Yuriia Rufa St, 4а, L'viv, L'vivs'ka oblast, Ukraine, 79010","{'lat': 49.8383146, 'lng': 24.0491351}",09:00:00,21:00:00,74.0,Low
5,KREDENS CAFE,https://glovoapp.com/ua/uk/lviv/kredens-cafe-lvi/,"Valova St, 5, L'viv, L'vivs'ka oblast, Ukraine, 79000","{'lat': 49.8396839, 'lng': 24.0317553}",08:00:00,22:00:00,82.0,Low
6,King Kebab / Кінг Кебаб,https://glovoapp.com/ua/uk/lviv/kingkebab-lvi/,"Symona Petliury St, 11, L'viv, L'vivs'ka oblast, Ukraine, 79000","{'lat': 49.8229887, 'lng': 23.97934189999999}",10:30:00,23:00:00,97.0,Medium-Low
7,Origami,https://glovoapp.com/ua/uk/lviv/origami-lvi/,"Hutorivka St, 40а, L'viv, L'vivs'ka oblast, Ukraine, 79070","{'lat': 49.8020134, 'lng': 24.0530745}",10:00:00,22:00:00,211.0,High
8,Puzata Hata / Пузата Хата,https://glovoapp.com/ua/uk/lviv/puzata-hata-lvi/,"Shevchenka Ave, 10, L'viv, L'vivs'ka oblast, Ukraine, 79005","{'lat': 49.837312, 'lng': 24.0312238}",09:00:00,20:00:00,70.0,Low
9,New York Street Pizza,https://glovoapp.com/ua/uk/lviv/new-york-street-pizza-lvi/,"Volodymyra Velykoho St, 51, L'viv, L'vivs'ka oblast, Ukraine, 79053","{'lat': 49.8099751, 'lng': 24.0013611}",10:00:00,21:00:00,98.0,Medium-Low
10,Express Buffet,https://glovoapp.com/ua/uk/lviv/express-buffet-lvi/,"Zubrivska St, 38, L'viv, L'vivs'ka oblast, Ukraine, 79000","{'lat': 49.79513850000001, 'lng': 24.0591875}",10:00:00,22:00:00,56.0,Low
11,BIBLIOTEKA resto-bar / Бібліотека ресто-бар,https://glovoapp.com/ua/uk/lviv/restor-bar-biblioteka-lvi/,"Zamarstynivska St, 4, L'viv, L'vivs'ka oblast, Ukraine, 79019","{'lat': 49.84786460000001, 'lng': 24.0280091}",15:00:00,23:59:00,258.0,High
12,Love & Lviv family restaurant,https://glovoapp.com/ua/uk/lviv/lovelviv-lvi/,"Stryiska St, 66, L'viv, L'vivs'ka oblast, Ukraine, 79000","{'lat': 49.8212337, 'lng': 24.0201731}",10:00:00,21:00:00,165.0,Medium-High
13,YoYo cafe,https://glovoapp.com/ua/uk/lviv/love-lviv-cafe-lvi/,"Serbska St, 7, L'viv, L'vivs'ka oblast, Ukraine, 79000","{'lat': 49.8410222, 'lng': 24.03330189999999}",00:00:00,12:00:00,90.0,Low
14,Lviv кава,https://glovoapp.com/ua/uk/lviv/lviv-kava-lvi/,"Rynok Square, 10, L'viv, L'vivs'ka oblast, Ukraine, 79008","{'lat': 49.8416412, 'lng': 24.0327918}",09:00:00,23:00:00,66.0,Low
15,McDonald's,https://glovoapp.com/ua/uk/lviv/mcdonald-s-lvi/,"Shevchenka Ave, 7, L'viv, L'vivs'ka oblast, Ukraine, 79000","{'lat': 49.8380984, 'lng': 24.0314784}",07:00:00,22:00:00,75.0,Low
16,SushiHo / СушіХо,https://glovoapp.com/ua/uk/lviv/sushiho-lvi/,"Staryts'koho St, 2, L'viv, L'vivs'ka oblast, Ukraine, 79000","{'lat': 49.8339903, 'lng': 24.0104971}",11:00:00,21:00:00,212.0,High
17,Matusyni Varenyky / Матусині Вареники,https://glovoapp.com/ua/uk/lviv/matusyni-varenyky-lvi/,"вулиця Миколи Лисенка, 11, L'viv, L'vivs'ka oblast, Ukraine, 79008","{'lat': 49.8434128, 'lng': 24.0384218}",09:00:00,20:00:00,80.0,Low
18,Mama Manana / Мама Манана,https://glovoapp.com/ua/uk/lviv/mama-manana-lvi/,"Nyzhnii Val St, 23, Kyiv, Ukraine, 04071","{'lat': 50.4662507, 'lng': 30.5118244}",11:00:00,22:00:00,164.0,Medium-High
19,ШЕФ КОТИК - ПАСТА & РАВІОЛІ/SHEF KOTYK - PASTA & RAVIOLI,https://glovoapp.com/ua/uk/lviv/chef-kotyk-ravioli-i-kompotyk-lvi/,"Chernivetska St, 11, L'viv, L'vivs'ka oblast, Ukraine, 79000","{'lat': 49.8384685, 'lng': 23.9970555}",09:00:00,20:00:00,110.0,Medium-Low
20,Mistechko / Містечко,https://glovoapp.com/ua/uk/lviv/mistechko-lvi/,"Modesta Mentsyns'koho St, 12, L'viv, L'vivs'ka oblast, Ukraine, 79000","{'lat': 49.84299199999999, 'lng': 24.0222341}",10:00:00,21:00:00,93.0,Medium-Low
21,Tut zhyve pyvo / Тут живе пиво,https://glovoapp.com/ua/uk/lviv/tut-zhyve-pyvo-lvi/,"Zaliznychna St, 18, L'viv, L'vivs'ka oblast, Ukraine, 79000","{'lat': 49.83900910000001, 'lng': 24.0009665}",07:00:00,21:00:00,86.0,Low
22,Teplyi Piets / Теплий п'єц,https://glovoapp.com/ua/uk/lviv/teplyi-piets-teplij-pyec/,"Staroievreiska St, 50, L'viv, L'vivs'ka oblast, Ukraine, 79000","{'lat': 49.84102679999999, 'lng': 24.0345863}",10:00:00,22:00:00,105.0,Medium-Low
23,Na Mangal Kebab House,https://glovoapp.com/ua/uk/lviv/mangal-kebab-house-lvi/,"Kniazia Romana St, 2, L'viv, L'vivs'ka oblast, Ukraine, 79000","{'lat': 49.8389347, 'lng': 24.0320852}",00:00:00,12:00:00,35.0,Low
24,Dogs&Burgers на Друкарській,https://glovoapp.com/ua/uk/lviv/dogsburgers-lvi/,"Drukarska St, 11, L'viv, L'vivs'ka oblast, Ukraine, 79000","{'lat': 49.8437388, 'lng': 24.0318975}",11:00:00,22:00:00,176.0,Medium-High
25,Haim,https://glovoapp.com/ua/uk/lviv/haim-lvi/,"Mykoly Voronoho St, 3, L'viv, L'vivs'ka oblast, Ukraine, 79005","{'lat': 49.8382819, 'lng': 24.0300484}",11:00:00,22:00:00,152.0,Medium-High
26,Domashnya kuhnya / Домашня кухня,https://glovoapp.com/ua/uk/lviv/domashnya-kuhnya-lvi/,"Petra Doroshenka St, 43, L'viv, L'vivs'ka oblast, Ukraine, 79000","{'lat': 49.83730929999999, 'lng': 24.0226193}",10:00:00,18:00:00,56.0,Low
27,Great Wall / Велика Стіна,https://glovoapp.com/ua/uk/lviv/great-wall-lvi/,"Lychakivska St, 3, L'viv, L'vivs'ka oblast, Ukraine, 79010","{'lat': 49.8398558, 'lng': 24.037399}",11:00:00,21:00:00,196.0,High
28,Perfetto,https://glovoapp.com/ua/uk/lviv/perfetto-lvi/,"Sar'yana St, 6, L'viv, L'vivs'ka oblast, Ukraine, 79000","{'lat': 49.8341759, 'lng': 24.0017811}",11:00:00,17:00:00,108.0,Medium-Low
29,Zovex,https://glovoapp.com/ua/uk/lviv/zovex-lvi/,"Bohdana Khmel'nyts'koho St, 212, L'viv, L'vivs'ka oblast, Ukraine, 79000","{'lat': 49.8688295, 'lng': 24.057506}",12:00:00,23:00:00,130.0,Medium-Low
30,Biliy Nalyv / Білий Налив на Друкарській,https://glovoapp.com/ua/uk/lviv/bilij-naliv-lvi/,"Drukarska St, 6А, L'viv, L'vivs'ka oblast, Ukraine, 79000","{'lat': 49.84351170000001, 'lng': 24.0321431}",12:00:00,22:00:00,122.0,Medium-Low
31,Zelen' / Зелень,https://glovoapp.com/ua/uk/lviv/zelen-lvi/,"Brativ Rohatyntsiv St, 12, L'viv, L'vivs'ka oblast, Ukraine, 79000","{'lat': 49.8400319, 'lng': 24.03240599999999}",10:00:00,21:00:00,70.0,Low
32,SOWÁ,https://glovoapp.com/ua/uk/lviv/sowa-lvi/,"Staroievreiska St, 40, L'viv, L'vivs'ka oblast, Ukraine, 79000","{'lat': 49.8408402, 'lng': 24.0337756}",10:00:00,21:00:00,197.0,High
33,Smakolyk / Смаколик,https://glovoapp.com/ua/uk/lviv/smakolyk-lvi/,"Mykhal'chuka St, 5, L'viv, L'vivs'ka oblast, Ukraine, 79005","{'lat': 49.8426354, 'lng': 24.02468229999999}",09:00:00,21:00:00,86.0,Low
34,Давай Кавувати / Davai Kavuvaty,https://glovoapp.com/ua/uk/lviv/davai-kavuvaty-lvi/,"Akademika Andriya Sakharova St, 50, L'viv, L'vivs'ka oblast, Ukraine, 79000","{'lat': 49.8276678, 'lng': 24.0109241}",09:00:00,21:00:00,81.0,Low
35,Kumpel / Кумпель на Митній,https://glovoapp.com/ua/uk/lviv/kumpel-lvi/,"вулиця Володимира Винниченка, Ploshcha Mytna, 6, L'viv, L'vivs'ka oblast, Ukraine, 79000","{'lat': 49.8392466, 'lng': 24.0361306}",10:00:00,22:00:00,229.0,High
36,Druzi Cafe,https://glovoapp.com/ua/uk/lviv/druzi-cafe-lvi/,"Krakivska St, 5, L'viv, L'vivs'ka oblast, Ukraine, 79008","{'lat': 49.8425788, 'lng': 24.0298786}",09:00:00,21:00:00,188.0,High
37,Pulse Lounge Bar,https://glovoapp.com/ua/uk/lviv/pulse-lounge-bar-lvi/,"Brativ Rohatyntsiv St, 18, L'viv, L'vivs'ka oblast, Ukraine, 79000","{'lat': 49.8403279, 'lng': 24.033314}",11:00:00,22:00:00,217.0,High
38,Bratrura,https://glovoapp.com/ua/uk/lviv/bratrura-lvi/,"Navrotskoho St, 4, L'viv, L'vivs'ka oblast, Ukraine, 79000","{'lat': 49.8116905, 'lng': 24.0564297}",09:00:00,19:00:00,93.0,Medium-Low
39,Borshch / Борщ,https://glovoapp.com/ua/uk/lviv/mvf-borshch-lvi/,"Katedralna Square, 3, L'viv, L'vivs'ka oblast, Ukraine, 79000","{'lat': 49.8410871, 'lng': 24.0303287}",09:00:00,23:00:00,129.0,Medium-Low
40,SMACHNA KUKHNIA\Смачна кухня,https://glovoapp.com/ua/uk/lviv/shadandkcafe-lvi/,"Zubrivska St, 7а, L'viv, L'vivs'ka oblast, Ukraine, 79000","{'lat': 49.7976785, 'lng': 24.0631898}",08:00:00,21:00:00,160.0,Medium-High
41,Bagatolososia/БагатоЛосося,https://glovoapp.com/ua/uk/lviv/bahatolososya-lvi/,"Yevgena Gutsala Ln, 3, Kyiv, Ukraine, 01011","{'lat': 50.4311532, 'lng': 30.5421102}",11:00:00,21:00:00,268.0,High
42,еНка / eNkа Cafe,https://glovoapp.com/ua/uk/lviv/enka-cafe-lvi/,"Pekarska St, 55, L'viv, L'vivs'ka oblast, Ukraine, 79000","{'lat': 49.8376235, 'lng': 24.0456166}",08:00:00,17:30:00,111.0,Medium-Low
43,Cabinet,https://glovoapp.com/ua/uk/lviv/cabinet-lvi/,"Volodymyra Vynnychenka St, 12, L'viv, L'vivs'ka oblast, Ukraine, 79000","{'lat': 49.8405132, 'lng': 24.0372176}",10:00:00,20:00:00,272.0,High
44,Na Mangal Kebab House,https://glovoapp.com/ua/uk/lviv/mangal-kebab-house-lvi/,"Kniazia Romana St, 2, L'viv, L'vivs'ka oblast, Ukraine, 79000","{'lat': 49.8389347, 'lng': 24.0320852}",00:00:00,12:00:00,35.0,Low
45,Nectarine / Нектарин Городоцька,https://glovoapp.com/ua/uk/lviv/bistronectarine-lvi/,"Horodotska St, 226 ""б, L'viv, L'vivs'ka oblast, Ukraine, 79000","{'lat': 49.8274311, 'lng': 23.9494073}",09:00:00,17:30:00,50.0,Low
46,Tomato,https://glovoapp.com/ua/uk/lviv/tomato-lvi/,"Uhorska St, 14, L'viv, L'vivs'ka oblast, Ukraine, 79000","{'lat': 49.8089647, 'lng': 24.045691}",08:30:00,18:30:00,168.0,Medium-High
47,SMACHNA KUKHNIA\Смачна кухня,https://glovoapp.com/ua/uk/lviv/shadandkcafe-lvi/,"Zubrivska St, 7а, L'viv, L'vivs'ka oblast, Ukraine, 79000","{'lat': 49.7976785, 'lng': 24.0631898}",08:00:00,21:00:00,160.0,Medium-High
48,Borshch / Борщ,https://glovoapp.com/ua/uk/lviv/mvf-borshch-lvi/,"Katedralna Square, 3, L'viv, L'vivs'ka oblast, Ukraine, 79000","{'lat': 49.8410871, 'lng': 24.0303287}",09:00:00,23:00:00,129.0,Medium-Low
49,BOIM KEBAB/БОЇМ КЕБАБ,https://glovoapp.com/ua/uk/lviv/boim-kebab-lvi/,"Soborna Square, 2a, L'viv, L'vivs'ka oblast, Ukraine, 79000","{'lat': 49.839531, 'lng': 24.0336481}",11:30:00,21:30:00,102.0,Medium-Low
50,Complex lunch in Borshch,https://glovoapp.com/ua/uk/lviv/complexlunchinborshch-lvii/,"Katedralna Square, 3, L'viv, L'vivs'ka oblast, Ukraine, 79000","{'lat': 49.8410871, 'lng': 24.0303287}",09:00:00,23:00:00,95.0,Medium-Low
51,Green Cafe,https://glovoapp.com/ua/uk/lviv/green-caffe-lvi/,"Brativ Rohatyntsiv St, 11, L'viv, L'vivs'ka oblast, Ukraine, 79000","{'lat': 49.8402245, 'lng': 24.03210869999999}",11:00:00,21:00:00,92.0,Medium-Low
52,Slon Bar # Indian Restaurant,https://glovoapp.com/ua/uk/lviv/slon-bar-lvi/,"Staroievreiska St, 33, L'viv, L'vivs'ka oblast, Ukraine, 79000","{'lat': 49.84101829999999, 'lng': 24.0339862}",11:30:00,20:30:00,191.0,High
53,Bistro Inshi / Бістро Iнші,https://glovoapp.com/ua/uk/lviv/bistro-inshi-lvi/,"Chekhova St, 4, L'viv, L'vivs'ka oblast, Ukraine, 79000","{'lat': 49.8396163, 'lng': 24.0420476}",10:00:00,22:00:00,126.0,Medium-Low
54,Hromadska yidalnia domashnoho kharchuvannia / Громадська їдальня домашнього харчування,https://glovoapp.com/ua/uk/lviv/gromadska-yidalnya-domashnogo-harchuvannya-lvi/,"Stryiska St, 35, L'viv, L'vivs'ka oblast, Ukraine, 79000","{'lat': 49.8153333, 'lng': 24.0213156}",10:00:00,18:00:00,44.0,Low
55,Silpo Resto Victoria Gardens / Сільпо Ресто Вікторія Гарденс,https://glovoapp.com/ua/uk/lviv/resto-lvi/,"Victoria Gardens, Kulparkivska St, 226А, L'viv, L'vivs'ka oblast, Ukraine, 79000","{'lat': 49.8075878, 'lng': 23.9766412}",08:00:00,22:00:00,129.0,Medium-Low
56,Mankushka / Манкушка,https://glovoapp.com/ua/uk/lviv/mankushka-lvi/,"Zaliznychna St, 19, L'viv, L'vivs'ka oblast, Ukraine, 79000","{'lat': 49.84724300000001, 'lng': 23.9959916}",10:00:00,20:00:00,87.0,Low
57,Kvadrat Kebab,https://glovoapp.com/ua/uk/lviv/kvadratkebab-lvi/,"Bohdana Khmel'nyts'koho St, 127, L'viv, L'vivs'ka oblast, Ukraine, 79019","{'lat': 49.8535687, 'lng': 24.0387149}",11:00:00,21:00:00,69.0,Low
58,Druzi Cafe,https://glovoapp.com/ua/uk/lviv/druzi-cafe-lvi/,"Krakivska St, 5, L'viv, L'vivs'ka oblast, Ukraine, 79008","{'lat': 49.8425788, 'lng': 24.0298786}",09:00:00,21:00:00,188.0,High
59,Dacha / Дача,https://glovoapp.com/ua/uk/lviv/dacha-lvi/,"Ivana Horbachevs'koho St, 24, L'viv, L'vivs'ka oblast, Ukraine, 79000","{'lat': 49.82698980000001, 'lng': 24.0099419}",12:00:00,22:00:00,163.0,Medium-High
60,Americano,https://glovoapp.com/ua/uk/lviv/americano1-lvi/,"Ostapa Nyzhankivs'koho St, 4, L'viv, L'vivs'ka oblast, Ukraine, 79000","{'lat': 49.8372222, 'lng': 24.0325}",11:00:00,21:00:00,191.0,High
61,Red Pepper,https://glovoapp.com/ua/uk/lviv/red-pepper-lvi/,"Sichovykh Striltsiv St, 5, L'viv, L'vivs'ka oblast, Ukraine, 79000","{'lat': 49.8407783, 'lng': 24.0251026}",10:00:00,21:00:00,292.0,High
62,OMG Sweets,https://glovoapp.com/ua/uk/lviv/glovo-express-cafe-lviv/,"Sknylivska St, 65b, L'viv, L'vivs'ka oblast, Ukraine, 79071","{'lat': 49.8118692, 'lng': 23.972727}",10:00:00,21:00:00,,High
63,"It's Falafel, Baby / Це фалафель, крихітко",https://glovoapp.com/ua/uk/lviv/falafelbaby-lvi/,"Staroievreiska St, 10, L'viv, L'vivs'ka oblast, Ukraine, 79000","{'lat': 49.8404525, 'lng': 24.0320505}",11:00:00,21:00:00,134.0,Medium-Low
64,OM NOM NOM,https://glovoapp.com/ua/uk/lviv/om-nom-nom-lvi/,"Rymlyanyna St, 10, L'viv, L'vivs'ka oblast, Ukraine, 79000","{'lat': 49.83866920000001, 'lng': 24.0375689}",10:00:00,21:00:00,156.0,Medium-High
65,Кафе Млинці / Cafe Pancakes,https://glovoapp.com/ua/uk/lviv/cafe-pancakes-lvi/,"Brativ Rohatyntsiv St, 41, L'viv, L'vivs'ka oblast, Ukraine, 79000","{'lat': 49.84066180000001, 'lng': 24.0337843}",09:00:00,19:00:00,85.0,Low
66,Borshch ta Ryba / Борщ та Риба,https://glovoapp.com/ua/uk/lviv/borsh-ta-riba-lvi/,"Volodymyra Vynnychenka St, 3, L'viv, L'vivs'ka oblast, Ukraine, 79000","{'lat': 49.839383, 'lng': 24.0356217}",10:00:00,22:00:00,132.0,Medium-Low
67,Fast Fish / Швидка Рибка,https://glovoapp.com/ua/uk/lviv/fast-fish-shvidka-ribka-lvi/,"Akademika Lazarenka St, 1а, L'viv, L'vivs'ka oblast, Ukraine, 79018","{'lat': 49.81413870000001, 'lng': 24.0190355}",10:00:00,21:00:00,135.0,Medium-Low
68,Rodynna pekarnia/Родинна пекарня,https://glovoapp.com/ua/uk/lviv/rodynna-pekarnia-lvi/,"Levyts'koho St, 3, L'viv, L'vivs'ka oblast, Ukraine, 79000","{'lat': 49.8362368, 'lng': 24.0354546}",08:30:00,20:30:00,64.0,Low
69,Royal Kebab,https://glovoapp.com/ua/uk/lviv/royal-kebab-lvi/,"Svobody Ave, 16, L'viv, L'vivs'ka oblast, Ukraine, 79000","{'lat': 49.84147739999999, 'lng': 24.028578}",10:00:00,23:30:00,154.0,Medium-High
70,Lyalya / Ляля,https://glovoapp.com/ua/uk/lviv/lovke-gruzinske-kafe-lyalya-lvi/,"Antonovycha St, 9, L'viv, L'vivs'ka oblast, Ukraine, 79000","{'lat': 49.8341425, 'lng': 24.0062561}",09:00:00,20:00:00,150.0,Medium-High
71,Hot Pans,https://glovoapp.com/ua/uk/lviv/hot-pans-lvi/,"Knyazya Yaroslava Osmomysla Square, L'viv, L'vivs'ka oblast, Ukraine, 79000","{'lat': 49.844846, 'lng': 24.028551}",08:40:00,22:00:00,148.0,Medium-High
72,Lotus Zaika India Ka,https://glovoapp.com/ua/uk/lviv/lotus-zaika-india-ka/,"Pekarska St, 35, L'viv, L'vivs'ka oblast, Ukraine, 79000","{'lat': 49.8376195, 'lng': 24.0424156}",11:00:00,20:00:00,143.0,Medium-High
73,YOKI,https://glovoapp.com/ua/uk/lviv/yoki-lvi/,"Akademika Hnatyuka St, 12а, L'viv, L'vivs'ka oblast, Ukraine, 79000","{'lat': 49.8419536, 'lng': 24.0249302}",08:00:00,23:59:00,286.0,High
74,Cheburek.in / Чебурек.ін,https://glovoapp.com/ua/uk/lviv/cheburekin-lvi/,"Tadeusha Kostyushka St, 4, L'viv, L'vivs'ka oblast, Ukraine, 79000","{'lat': 49.8395838, 'lng': 24.0248949}",10:00:00,20:00:00,70.0,Low
75,Dynamo Blues / Динамо Блюз,https://glovoapp.com/ua/uk/lviv/dynamo-lvi/,"Vasylya Stusa St, 4, L'viv, L'vivs'ka oblast, Ukraine, 79000","{'lat': 49.82188999999999, 'lng': 24.038707}",12:00:00,21:00:00,120.0,Medium-Low
76,Gutsulska Grazhda / Гуцульська гражда,https://glovoapp.com/ua/uk/lviv/gutsulska-grazhda-lvi/,"Volodymyra Velykoho St, 2 A, L'viv, L'vivs'ka oblast, Ukraine, 79053","{'lat': 49.8093168, 'lng': 24.0150403}",12:00:00,21:00:00,127.0,Medium-Low
77,KFC,https://glovoapp.com/ua/uk/lviv/kfc-lvi/,"Svobody Ave, 19, L'viv, L'vivs'ka oblast, Ukraine, 79000","{'lat': 49.841577, 'lng': 24.0267509}",09:00:00,20:00:00,91.0,Low
78,Mammon,https://glovoapp.com/ua/uk/lviv/mammon-lvi/,"Polkovnyka Danyla Nechaya St, 25, Ternopil, Ternopil's'ka oblast, Ukraine, 46003","{'lat': 49.56227630000001, 'lng': 25.5925732}",09:00:00,19:00:00,65.0,Low
80,Lviv Pancakes / Львівські млинці,https://glovoapp.com/ua/uk/lviv/pancakes-in-lviv-lvi/,"Brativ Rohatyntsiv St, 41, L'viv, L'vivs'ka oblast, Ukraine, 79000","{'lat': 49.84066180000001, 'lng': 24.0337843}",09:00:00,19:00:00,163.0,Medium-High
81,New York Street Pizza,https://glovoapp.com/ua/uk/lviv/new-york-street-pizzaa-lvi/,"Volodymyra Velykoho St, 51, L'viv, L'vivs'ka oblast, Ukraine, 79053","{'lat': 49.8099751, 'lng': 24.0013611}",10:00:00,21:00:00,257.0,High
82,MORERYBY / МОРЕРИБИ,https://glovoapp.com/ua/uk/lviv/more-ryby-lvi/,"Brativ Rohatyntsiv St, 43/12, L'viv, L'vivs'ka oblast, Ukraine, 79000","{'lat': 49.8407849, 'lng': 24.03392999999999}",11:00:00,22:00:00,,High
83,Papi,https://glovoapp.com/ua/uk/lviv/papi-lvi/,"Valova St, 19/1, L'viv, L'vivs'ka oblast, Ukraine, 79008","{'lat': 49.84022170000001, 'lng': 24.0338575}",09:00:00,22:00:00,158.0,Medium-High
84,Papi,https://glovoapp.com/ua/uk/lviv/papi-lvi/,"Valova St, 19/1, L'viv, L'vivs'ka oblast, Ukraine, 79008","{'lat': 49.84022170000001, 'lng': 24.0338575}",09:00:00,22:00:00,158.0,Medium-High
85,Nectarine / Нектарин Південний,https://glovoapp.com/ua/uk/lviv/nectarine-lvi/,"ТВК ПІВДЕННИЙ, Весільний Дім, Shchyretska St, 36, L'viv, L'vivs'ka oblast, Ukraine, 79000","{'lat': 49.810611, 'lng': 23.97377299999999}",09:00:00,18:00:00,48.0,Low
86,Food Garage,https://glovoapp.com/ua/uk/lviv/food-garage-lvi/,"Heroiv UPA St, 72, L'viv, L'vivs'ka oblast, Ukraine, 79000","{'lat': 49.8313851, 'lng': 23.99686879999999}",08:30:00,20:00:00,77.0,Low
87,Kazzka pizzeria/Піцерія Каззка,https://glovoapp.com/ua/uk/lviv/kazzka-pizzeria-lvi/,"33/1, Lesi Ukrainky St, L'viv, L'vivs'ka oblast, Ukraine, 79000","{'lat': 49.8437446, 'lng': 24.0320647}",11:00:00,22:00:00,263.0,High
88,MORERYBY / МОРЕРИБИ,https://glovoapp.com/ua/uk/lviv/more-ryby-lvi/,"Brativ Rohatyntsiv St, 43/12, L'viv, L'vivs'ka oblast, Ukraine, 79000","{'lat': 49.8407849, 'lng': 24.03392999999999}",11:00:00,22:00:00,,High
89,One Shot Cafe,https://glovoapp.com/ua/uk/lviv/one-shot-cafe-lvi/,"Stryiska St, 45а, L'viv, L'vivs'ka oblast, Ukraine, 79000","{'lat': 49.80253219999999, 'lng': 24.019053}",09:00:00,23:00:00,79.0,Low
90,Churrasco Grill & Wine,https://glovoapp.com/ua/uk/lviv/churrasco-grill-wine-lvi/,"Valova St, 15, L'viv, L'vivs'ka oblast, Ukraine, 79000","{'lat': 49.8401155, 'lng': 24.0334444}",12:00:00,23:59:00,161.0,Medium-High
91,Lotus Zaika India Ka,https://glovoapp.com/ua/uk/lviv/lotus-zaika-india-ka/,"Pekarska St, 35, L'viv, L'vivs'ka oblast, Ukraine, 79000","{'lat': 49.8376195, 'lng': 24.0424156}",11:00:00,20:00:00,143.0,Medium-High
92,Avocado,https://glovoapp.com/ua/uk/lviv/avocado-av-lvi/,"Hetmana Mazepy St, 1б, L'viv, L'vivs'ka oblast, Ukraine, 79068","{'lat': 49.8700721, 'lng': 24.0231412}",10:00:00,22:00:00,238.0,High
93,Delicateka,https://glovoapp.com/ua/uk/lviv/delicateka-lvi/,"Drukarska St, 11, L'viv, L'vivs'ka oblast, Ukraine, 79000","{'lat': 49.8437388, 'lng': 24.0318975}",11:00:00,22:00:00,198.0,High
94,Leopoli,https://glovoapp.com/ua/uk/lviv/leopoli-lvi/,"Tuhan-Baranovskoho St, 4, L'viv, L'vivs'ka oblast, Ukraine, 79000","{'lat': 49.83749759999999, 'lng': 24.038503}",10:00:00,22:00:00,142.0,Medium-High
95,MULTI KULTI SULTAN MANGAL,https://glovoapp.com/ua/uk/lviv/multi-kulti-lvi/,"Ostapa Nyzhankivs'koho St, 26, L'viv, L'vivs'ka oblast, Ukraine, 79000","{'lat': 49.83757869999999, 'lng': 24.0324587}",09:30:00,23:00:00,123.0,Medium-Low
96,Wine & Meat/Вино і м'ясо,https://glovoapp.com/ua/uk/lviv/wine-and-meat-lvi/,"Ozarkevycha St, 12, L'viv, L'vivs'ka oblast, Ukraine, 79016","{'lat': 49.837936, 'lng': 24.0122639}",11:00:00,22:00:00,127.0,Medium-Low
97,Lviv Pancakes / Львівські млинці,https://glovoapp.com/ua/uk/lviv/pancakes-in-lviv-lvi/,"Brativ Rohatyntsiv St, 41, L'viv, L'vivs'ka oblast, Ukraine, 79000","{'lat': 49.84066180000001, 'lng': 24.0337843}",09:00:00,19:00:00,163.0,Medium-High
98,4 chebureky / Чотири чебуреки Prosecco Bar,https://glovoapp.com/ua/uk/lviv/prosecco-bar/,"Staroievreiska St, 16, L'viv, L'vivs'ka oblast, Ukraine, 79000","{'lat': 49.84052599999999, 'lng': 24.0323673}",11:00:00,23:00:00,73.0,Low
99,TRDLO,https://glovoapp.com/ua/uk/lviv/trdlo-lvi/,"Stavropihiiska St, 5, L'viv, L'vivs'ka oblast, Ukraine, 79000","{'lat': 49.842774, 'lng': 24.0326134}",10:00:00,22:00:00,52.0,Low
100,Khinkalnia Na Fedorova / Хінкальня на Федорова,https://glovoapp.com/ua/uk/lviv/khinkalnia-na-fedorova-lvi/,"Ivana Fedorova St, 14, L'viv, L'vivs'ka oblast, Ukraine, 79000","{'lat': 49.8421254, 'lng': 24.033494}",10:00:00,21:00:00,92.0,Medium-Low
101,TheMeat / TheМ'ясо,https://glovoapp.com/ua/uk/lviv/themeat-lvi/,"Hetmana Mazepy St, 1б, L'viv, L'vivs'ka oblast, Ukraine, 79000","{'lat': 49.8700711, 'lng': 24.023204}",10:00:00,21:00:00,133.0,Medium-Low
102,Fermali tantuni kebab / Фермалі тантуні кебаб,https://glovoapp.com/ua/uk/lviv/fermali-tantuni-lvi/,"Viacheslava Chornovola Ave, 16D, L'viv, L'vivs'ka oblast, Ukraine, 79058","{'lat': 49.8558648, 'lng': 24.0248193}",09:00:00,23:00:00,110.0,Medium-Low
103,"Bondzhorno, Sykhiv / Бонджорно, Сихів",https://glovoapp.com/ua/uk/lviv/bondzhorno-lvi/,"Chervonoyi Kalyny Ave, 64, L'viv, L'vivs'ka oblast, Ukraine, 79000","{'lat': 49.7914178, 'lng': 24.0580276}",11:00:00,22:00:00,124.0,Medium-Low
104,36Po/36По,https://glovoapp.com/ua/uk/lviv/36po-lvi/,"Rynok Square, 36, L'viv, L'vivs'ka oblast, Ukraine, 79008","{'lat': 49.842444, 'lng': 24.0308834}",08:00:00,23:00:00,183.0,Medium-High
105,ATELIER 19 pizza & lovely food,https://glovoapp.com/ua/uk/lviv/atelier-19-lvi/,"Staroievreiska St, 19, L'viv, L'vivs'ka oblast, Ukraine, 79008","{'lat': 49.8407349, 'lng': 24.03280599999999}",11:00:00,22:00:00,233.0,High
106,Реберня на !FESTrepublic,https://glovoapp.com/ua/uk/lviv/rebernia-na-starovoznesenskii-lvi/,"Staroznesenska St, 24-26, L'viv, L'vivs'ka oblast, Ukraine, 79018","{'lat': 49.8515303, 'lng': 24.0532331}",12:00:00,22:30:00,,High
107,Night Burger,https://glovoapp.com/ua/uk/lviv/night-burger-lvi/,"Volodymyra Velykoho St, 14А, L'viv, L'vivs'ka oblast, Ukraine, 79053","{'lat': 49.8120548, 'lng': 24.0042901}",12:00:00,22:00:00,104.0,Medium-Low
108,Your Burger,https://glovoapp.com/ua/uk/lviv/your-burger-lvi/,"Halytska St, 19, L'viv, L'vivs'ka oblast, Ukraine, 79000","{'lat': 49.8399642, 'lng': 24.0318951}",10:00:00,22:00:00,129.0,Medium-Low
109,Lviv Croissants,https://glovoapp.com/ua/uk/lviv/lviv-croissants-lvi/,"Kniazia Romana St, 18, L'viv, L'vivs'ka oblast, Ukraine, 79000","{'lat': 49.838145, 'lng': 24.0323823}",08:00:00,21:00:00,102.0,Medium-Low
110,Tikithai,https://glovoapp.com/ua/uk/lviv/tikithai-lvi/,"Staroievreiska St, 4, L'viv, L'vivs'ka oblast, Ukraine, 79000","{'lat': 49.84028920000001, 'lng': 24.0313322}",11:00:00,21:00:00,191.0,High
111,New York Street Pizza,https://glovoapp.com/ua/uk/lviv/new-york-street-pizza-lvii/,"Volodymyra Velykoho St, 51, L'viv, L'vivs'ka oblast, Ukraine, 79053","{'lat': 49.8099751, 'lng': 24.0013611}",10:00:00,21:00:00,191.0,High
112,Pie Baby Pie,https://glovoapp.com/ua/uk/lviv/pie-baby-pie-lvi/,"Staroievreiska St, 8, L'viv, L'vivs'ka oblast, Ukraine, 79008","{'lat': 49.8403923, 'lng': 24.0319237}",11:00:00,23:00:00,216.0,High
113,Rebernya na Stryysʹkiy / Реберня на Стрийській,https://glovoapp.com/ua/uk/lviv/rebernya-na-stryyskiy-lvi/,"Stryiska St, 202, L'viv, L'vivs'ka oblast, Ukraine, 79000","{'lat': 49.79962200000001, 'lng': 24.01564759999999}",12:00:00,23:00:00,,High
114,Хінкальня на Кривій липі,https://glovoapp.com/ua/uk/lviv/khinkal-nya-na-lipi-lvi/,"Kryva Lypa Passage, 1, L'viv, L'vivs'ka oblast, Ukraine, 79000","{'lat': 49.840498, 'lng': 24.026906}",10:00:00,21:00:00,100.0,Medium-Low
115,Magic Bowls,https://glovoapp.com/ua/uk/lviv/magic-bowls-lvi/,"Kryva Lypa Passage, 9, L'viv, L'vivs'ka oblast, Ukraine, 79000","{'lat': 49.84071429999999, 'lng': 24.0260468}",09:00:00,21:00:00,172.0,Medium-High
116,Home restaurant / Домашній ресторанчик,https://glovoapp.com/ua/uk/lviv/home-restaurant-lvi/,"Shevchenka Ave, 11, L'viv, L'vivs'ka oblast, Ukraine, 79000","{'lat': 49.83747189999999, 'lng': 24.03179919999999}",09:00:00,21:00:00,148.0,Medium-High
117,FARSH/ФАРШ,https://glovoapp.com/ua/uk/lviv/up-kebab-lvi/,"Heroiv UPA St, 75, L'viv, L'vivs'ka oblast, Ukraine, 79021","{'lat': 49.8279524, 'lng': 23.9905122}",10:00:00,22:00:00,152.0,Medium-High
118,Maioran / Майоран,https://glovoapp.com/ua/uk/lviv/maioran-lvi/,"Shchyretska St, 36, L'viv, L'vivs'ka oblast, Ukraine, 79071","{'lat': 49.8133843, 'lng': 23.9753217}",09:00:00,19:00:00,93.0,Medium-Low
119,SHALOM,https://glovoapp.com/ua/uk/lviv/shalom-lvi/,"Brativ Rohatyntsiv St, 32, L'viv, L'vivs'ka oblast, Ukraine, 79000","{'lat': 49.8407339, 'lng': 24.0350956}",10:00:00,21:00:00,154.0,Medium-High
120,Doner Market,https://glovoapp.com/ua/uk/lviv/doner-market-lvi/,"Ivana Vyhovskoho St, 53/69, L'viv, L'vivs'ka oblast, Ukraine, 79000","{'lat': 49.81374719999999, 'lng': 23.9767716}",09:00:00,19:00:00,126.0,Medium-Low
121,Ribs Restaurant At Arsenal / Реберня під Арсеналом,https://glovoapp.com/ua/uk/lviv/ribs-restaurant-at-arsenal-lvi/,"Pidvalna St, 5, L'viv, L'vivs'ka oblast, Ukraine, 79000","{'lat': 49.8415093, 'lng': 24.0352128}",11:00:00,23:00:00,,High
122,Coffee Lab,https://glovoapp.com/ua/uk/lviv/coffee-lab-lvi/,"Zaliznychna St, L'viv, L'vivs'ka oblast, Ukraine, 79000","{'lat': 49.8471083, 'lng': 23.9956353}",08:00:00,21:00:00,128.0,Medium-Low
123,Fazenda / Фазенда,https://glovoapp.com/ua/uk/lviv/samohonka-tratoriya-lvi/,"Honchary, Lviv Oblast, Ukraine","{'lat': 49.7543557, 'lng': 24.1645836}",00:00:00,12:00:00,236.0,High
124,"Akhali, bilshe nizh khinkalnia / Ахалі, більше ніж хінкальня",https://glovoapp.com/ua/uk/lviv/akhali-lvi/,"вулиця Джохара Дудаєва, 7, та Джохара Дудаєва, 16, L'viv, L'vivs'ka oblast, Ukraine, 79005","{'lat': 49.8362889, 'lng': 24.0297609}",12:00:00,20:00:00,115.0,Medium-Low
125,WA Restauran / ВА Ресторан,https://glovoapp.com/ua/uk/lviv/wa-lvi/,"Львів, Кн. Романа, 7, вулиця Князя Романа, 7, Львів, Львівська область, Ukraine, 79000","{'lat': 49.8367862, 'lng': 24.0339215}",11:00:00,22:00:00,267.0,High
126,Bagatolososia/БагатоЛосося,https://glovoapp.com/ua/uk/lviv/bahato-lososya-lvi/,"Yevgena Gutsala Ln, 3, Kyiv, Ukraine, 01011","{'lat': 50.4311532, 'lng': 30.5421102}",11:00:00,21:00:00,325.0,High
127,Журавель Asia Grill,https://glovoapp.com/ua/uk/lviv/zhuravel-asia-grill-lvi/,"Zymna Voda, Lviv Oblast, Ukraine, 81110","{'lat': 49.8277887, 'lng': 23.9067126}",10:00:00,23:00:00,79.0,Low
128,Nice Guys,https://glovoapp.com/ua/uk/lviv/niceguys-lvi/,"Brativ Rohatyntsiv St, 39, L'viv, L'vivs'ka oblast, Ukraine, 79000","{'lat': 49.8406034, 'lng': 24.0336641}",11:00:00,23:00:00,167.0,Medium-High
129,Bar Mushly,https://glovoapp.com/ua/uk/lviv/bar-mushly-lvi/,"Rynok Square, 35, L'viv, L'vivs'ka oblast, Ukraine, 79008","{'lat': 49.842475, 'lng': 24.0307391}",07:30:00,23:59:00,272.0,High
130,Маргарита на Стрийській,https://glovoapp.com/ua/uk/lviv/margarita-restoran-piceriya-lvi/,"Stryiska St, 45а, L'viv, L'vivs'ka oblast, Ukraine, 79000","{'lat': 49.80322810000001, 'lng': 24.0191455}",10:00:00,23:00:00,153.0,Medium-High
131,LA PIEC / LA П'ЄЦ,https://glovoapp.com/ua/uk/lviv/lapieclvi/,"Sichovykh Striltsiv St, 10, L'viv, L'vivs'ka oblast, Ukraine, 79000","{'lat': 49.84045880000001, 'lng': 24.02419279999999}",10:00:00,23:00:00,234.0,High
132,Маргарита на Чорновола / Margarita na Chornovola,https://glovoapp.com/ua/uk/lviv/margarita-margarita-lvi/,"Viacheslava Chornovola Ave, 63, L'viv, L'vivs'ka oblast, Ukraine, 79000","{'lat': 49.8582556, 'lng': 24.0198899}",10:00:00,23:00:00,154.0,Medium-High
133,Lvivskyi Universytet Kraftovoho Pyva im. sv. Khrystofora / Львівський Університет Крафтового Пива ім. св. Христофора,https://glovoapp.com/ua/uk/lviv/lvivskyi-universytet-kraftovoho-pyva-im-sv-khrystofora-lvivskij-universitet-kraftovogo-piva-im-sv-hristofora-lvi/,"Ivana Franka St, 3, L'viv, L'vivs'ka oblast, Ukraine, 79000","{'lat': 49.83784300000001, 'lng': 24.035373}",12:00:00,22:00:00,136.0,Medium-High
134,Avocado Organic Food,https://glovoapp.com/ua/uk/lviv/avocado-organic-lvi/,"Hetmana Mazepy St, 1б, L'viv, L'vivs'ka oblast, Ukraine, 79068","{'lat': 49.8700721, 'lng': 24.0231412}",10:00:00,22:00:00,210.0,High
135,FARSH/ФАРШ,https://glovoapp.com/ua/uk/lviv/hugeburger-lvi/,"Heroiv UPA St, 75, L'viv, L'vivs'ka oblast, Ukraine, 79021","{'lat': 49.8279524, 'lng': 23.9905122}",10:00:00,22:00:00,170.0,Medium-High
136,Monosushi,https://glovoapp.com/ua/uk/lviv/monosushi-lvi/,"Viacheslava Chornovola Ave, 95, L'viv, L'vivs'ka oblast, Ukraine, 79000","{'lat': 49.86328109999999, 'lng': 24.0167166}",11:00:00,22:30:00,240.0,High
137,Hot Fish,https://glovoapp.com/ua/uk/lviv/hot-fish-lvi/,"Pasichna St, 83, L'viv, L'vivs'ka oblast, Ukraine, 79038","{'lat': 49.81739439999999, 'lng': 24.0778405}",08:40:00,22:00:00,187.0,High
138,KRAMAR-REST,https://glovoapp.com/ua/uk/lviv/kramar-rest-lvi/,"Danyly Apostola St, 16, Х, L'viv, L'vivs'ka oblast, Ukraine, 79040","{'lat': 49.8325614, 'lng': 23.9416007}",08:00:00,20:00:00,229.0,High
139,Ratatuy / Рататуй,https://glovoapp.com/ua/uk/lviv/ratatuj-lvi/,"Krushel'nyts'koi St, 14, Ternopil, Ternopil's'ka oblast, Ukraine, 46002","{'lat': 49.557199, 'lng': 25.594624}",10:00:00,22:00:00,219.0,High
140,Daily Dose of mmm,https://glovoapp.com/ua/uk/lviv/daily-dose-of-mmm-grill-lvi/,"Heroiv UPA St, 73, L'viv, L'vivs'ka oblast, Ukraine, 79000","{'lat': 49.82895730000001, 'lng': 23.9924687}",11:00:00,23:00:00,209.0,High
141,Taco Taco taqueria,https://glovoapp.com/ua/uk/lviv/tacotacotaqueria-lvi/,"Brativ Rohatyntsiv St, 9, L'viv, L'vivs'ka oblast, Ukraine, 79000","{'lat': 49.84012, 'lng': 24.0318122}",11:00:00,21:00:00,110.0,Medium-Low
142,Tomatina,https://glovoapp.com/ua/uk/lviv/tomatina/,"Kulparkivska St, 226 а, L'viv, L'vivs'ka oblast, Ukraine, 79000","{'lat': 49.80794680000001, 'lng': 23.9781889}",10:00:00,22:00:00,135.0,Medium-Low
143,Khinkalnia na Stryiskii / Хінкальня на Стрийській,https://glovoapp.com/ua/uk/lviv/hinkalnya-na-strijskij/,"Stryiska St, 45, L'viv, L'vivs'ka oblast, Ukraine, 79000","{'lat': 49.805936, 'lng': 24.0215987}",11:00:00,21:00:00,102.0,Medium-Low
144,Магазин шашлику / Mahazyn shaslyku,https://glovoapp.com/ua/uk/lviv/magazin-shashliku-mahazyn-shaslyku/,"Novyy Tsum, Knyahyni Ol'hy St, 106, L'viv, L'vivs'ka oblast, Ukraine, 79060","{'lat': 49.8097388, 'lng': 23.9987167}",10:00:00,22:00:00,95.0,Medium-Low
145,Khinkalnya (Forum),https://glovoapp.com/ua/uk/lviv/khinkalnya-forum-lvi/,"ТЦ Forum Lviv, 3 поверх, Pid Dubom St, 7 Б, L'viv, L'vivs'ka oblast, Ukraine, 79000","{'lat': 49.8496578, 'lng': 24.0231956}",10:00:00,21:00:00,104.0,Medium-Low
146,Fugazzeta,https://glovoapp.com/ua/uk/lviv/fugazzeta-lvi/,"Chervonoyi Kalyny Ave, 66а, L'viv, L'vivs'ka oblast, Ukraine, 79000","{'lat': 49.7906337, 'lng': 24.0580325}",10:00:00,22:00:00,208.0,High
147,Palanitsa / Паляниця,https://glovoapp.com/ua/uk/lviv/palanitsa-lvi/,"Arkhitektorska St, 5, L'viv, L'vivs'ka oblast, Ukraine, 79000","{'lat': 49.8354308, 'lng': 24.0127116}",07:00:00,22:00:00,109.0,Medium-Low
148,Chin Chin,https://glovoapp.com/ua/uk/lviv/chin-chin-lvi/,"Tadeusha Kostyushka St, 2, L'viv, L'vivs'ka oblast, Ukraine, 79000","{'lat': 49.8392905, 'lng': 24.0252948}",10:00:00,21:00:00,126.0,Medium-Low
149,Cheat Meal,https://glovoapp.com/ua/uk/lviv/cheat-meal-lvi/,"Mykhal'chuka St, 5, L'viv, L'vivs'ka oblast, Ukraine, 79005","{'lat': 49.8426354, 'lng': 24.02468229999999}",09:00:00,21:00:00,126.0,Medium-Low
150,Trava,https://glovoapp.com/ua/uk/lviv/trava-lvi/,"104, Liubinska St, L'viv, L'vivs'ka oblast, Ukraine, 79000","{'lat': 49.8212893, 'lng': 23.9696353}",01:00:00,23:00:00,86.0,Low
151,Anchousna Vid Chornomorky,https://glovoapp.com/ua/uk/lviv/anchousna-vid-chornomorky-lvi/,"Valova St, 15, L'viv, L'vivs'ka oblast, Ukraine, 79000","{'lat': 49.8401155, 'lng': 24.0334444}",12:00:00,23:59:00,111.0,Medium-Low
152,Palyanicya na Galickij / Паляниця на Галицькій,https://glovoapp.com/ua/uk/lviv/palyanicya-na-galickij-lvi/,"Arkhitektorska St, 5, L'viv, L'vivs'ka oblast, Ukraine, 79000","{'lat': 49.8354308, 'lng': 24.0127116}",07:00:00,22:00:00,109.0,Medium-Low
153,SNACK&BURGERS,https://glovoapp.com/ua/uk/lviv/snack-burgers-lvi/,"Stryiska St, 30, Львівська область, 81130, L'vivs'ka oblast, Ukraine, 81130","{'lat': 49.77291569999999, 'lng': 24.0101712}",09:00:00,21:00:00,54.0,Low
154,Бургери LA П'ЄЦ / Burgers LA PIEC,https://glovoapp.com/ua/uk/lviv/burgers-la-piec-lvi/,"Heroiv UPA St, 73, L'viv, L'vivs'ka oblast, Ukraine, 79041","{'lat': 49.8279805, 'lng': 23.9917595}",10:00:00,23:00:00,203.0,High
155,Yakuza sushi&pizza,https://glovoapp.com/ua/uk/lviv/yakuza-sushi-pizza-lvi/,"Troleibusna St, 7, L'viv, L'vivs'ka oblast, Ukraine, 79000","{'lat': 49.8052426, 'lng': 24.0076049}",11:00:00,21:00:00,196.0,High
157,"Bistro Vyshyvanka / Бістро ""Вишиванка""",https://glovoapp.com/ua/uk/lviv/bistro-vyshyvanka-lvi/,"Heroiv UPA St, 73ж, L'viv, L'vivs'ka oblast, Ukraine, 79000","{'lat': 49.8282517, 'lng': 23.9928683}",09:00:00,17:00:00,94.0,Medium-Low
158,Budzzini  /  Будзіні,https://glovoapp.com/ua/uk/lviv/budzzini-lvi/,"Petra Doroshenka St, 8, L'viv, L'vivs'ka oblast, Ukraine, 79000","{'lat': 49.8399247, 'lng': 24.0263229}",10:00:00,23:59:00,166.0,Medium-High
159,7sevenheaven,https://glovoapp.com/ua/uk/lviv/7sevenheaven-lvi/,"Chervonoyi Kalyny Ave, 56, L'viv, L'vivs'ka oblast, Ukraine, 79070","{'lat': 49.7952095, 'lng': 24.0525012}",08:30:00,20:00:00,77.0,Low
160,Cukor RED/Цукор Red,https://glovoapp.com/ua/uk/lviv/cukor-red-lvi/,"Brativ Rohatyntsiv St, 21, L'viv, L'vivs'ka oblast, Ukraine, 79000","{'lat': 49.840353, 'lng': 24.032718}",08:30:00,19:00:00,284.0,High
161,Food On Fire - Їжа на Вогні,https://glovoapp.com/ua/uk/lviv/food-on-fire-lvi/,"Staroievreiska St, 37, L'viv, L'vivs'ka oblast, Ukraine, 79000","{'lat': 49.8411653, 'lng': 24.0345575}",11:00:00,22:00:00,71.0,Low
162,Prosto Kebab / Просто Кебаб,https://glovoapp.com/ua/uk/lviv/prosto-kebab-lvi/,"Tadeusha Kostyushka St, 3, L'viv, L'vivs'ka oblast, Ukraine, 79000","{'lat': 49.8394914, 'lng': 24.0242848}",10:00:00,21:00:00,98.0,Medium-Low
163,OKKO CAFÉ,https://glovoapp.com/ua/uk/lviv/okkokafe-lvi/,"Naukova St, 2а, L'viv, L'vivs'ka oblast, Ukraine, 79000","{'lat': 49.80328869999999, 'lng': 24.0090501}",00:00:00,12:00:00,,High
164,Sushi Shtat,https://glovoapp.com/ua/uk/lviv/sushi-shtat-lvi/,"Naukova St, 2г, L'viv, L'vivs'ka oblast, Ukraine, 79000","{'lat': 49.80342779999999, 'lng': 24.0089091}",12:00:00,22:00:00,188.0,High
165,Sushi La PIEC / Суші LA П'ЄЦ,https://glovoapp.com/ua/uk/lviv/la-rys-lvi/,"Heroiv UPA St, 73, L'viv, L'vivs'ka oblast, Ukraine, 79041","{'lat': 49.8279805, 'lng': 23.9917595}",10:00:00,23:00:00,242.0,High
166,DOGS&BURGERS,https://glovoapp.com/ua/uk/lviv/dogsburger-lvi/,"Yevgena Gutsala Ln, 3, Kyiv, Ukraine, 01011","{'lat': 50.4312748, 'lng': 30.5418739}",10:00:00,20:00:00,145.0,Medium-High
167,Buffalo Pub / Баффало Паб,https://glovoapp.com/ua/uk/lviv/buffalo-pub-baffalo-pab-lvi/,"Bohdana Khmel'nyts'koho St, 15, L'viv, L'vivs'ka oblast, Ukraine, 79000","{'lat': 49.8462227, 'lng': 24.0288937}",11:15:00,22:00:00,142.0,Medium-High
168,Ukrainske podviria / Українське подвір'я,https://glovoapp.com/ua/uk/lviv/ukrainske-podvirya-lvi/,"Mykhal'chuka St, 1, L'viv, L'vivs'ka oblast, Ukraine, 79007","{'lat': 49.842807, 'lng': 24.0255359}",10:00:00,21:30:00,146.0,Medium-High
169,NOA Asia Special,https://glovoapp.com/ua/uk/lviv/noa-asia-special-lvi/,"Staroievreiska St, 4, L'viv, L'vivs'ka oblast, Ukraine, 79008","{'lat': 49.8402369, 'lng': 24.0311538}",10:00:00,23:00:00,222.0,High
170,Uze tut / Уже тут,https://glovoapp.com/ua/uk/lviv/uze-tut-lvi/,"Skoryny St, 44, L'viv, L'vivs'ka oblast, Ukraine, 79031","{'lat': 49.7981162, 'lng': 24.0258229}",10:00:00,22:00:00,163.0,Medium-High
171,Molodo Zeleno / Молодо Зелено,https://glovoapp.com/ua/uk/lviv/molodo-zeleno-lvi/,"Dzherelna St, 20, L'viv, L'vivs'ka oblast, Ukraine, 79000","{'lat': 49.84808400000001, 'lng': 24.0208729}",12:00:00,21:00:00,236.0,High
172,SNACK&BURGERS YOGURTERIA,https://glovoapp.com/ua/uk/lviv/snackandburgersyogurteria-lvi/,"Unnamed Road, Lviv, Lviv Oblast, Ukraine, 79000","{'lat': 49.80798069999999, 'lng': 23.9766526}",10:00:00,22:00:00,53.0,Low
173,Drunken Duck / П'яна качка,https://glovoapp.com/ua/uk/lviv/drunken-duck-lvi/,"Brativ Rohatyntsiv St, 45, L'viv, L'vivs'ka oblast, Ukraine, 79000","{'lat': 49.8408101, 'lng': 24.0343198}",12:00:00,23:59:00,137.0,Medium-High
174,Na Mangal SMOKED BBQ / На Мангал SMOKED BBQ,https://glovoapp.com/ua/uk/lviv/na-manhal-smoked-bbq-lvi/,"Shevchenka Ave, 25, L'viv, L'vivs'ka oblast, Ukraine, 79000","{'lat': 49.8360524, 'lng': 24.0324767}",11:00:00,21:00:00,155.0,Medium-High
175,Gazda Cafe,https://glovoapp.com/ua/uk/lviv/gazda-lvi/,"м.Львів, Проспект Свободи, вхід з, вулиця Тиктора, 31, L'viv, L'vivs'ka oblast, Ukraine, 79000","{'lat': 49.8424735, 'lng': 24.0262123}",09:00:00,23:59:00,195.0,High
176,Marinad Meat Bar,https://glovoapp.com/ua/uk/lviv/marinad-meat-bar-lvi/,"Lychakivska St, 135, L'viv, L'vivs'ka oblast, Ukraine, 79014","{'lat': 49.8379224, 'lng': 24.058722}",11:00:00,22:00:00,113.0,Medium-Low
177,Sushi King,https://glovoapp.com/ua/uk/lviv/sushi-king-lvi/,"Stryiska St, 45а, L'viv, L'vivs'ka oblast, Ukraine, 79000","{'lat': 49.8034942, 'lng': 24.019438}",11:00:00,22:00:00,189.0,High
178,Impero Cafe,https://glovoapp.com/ua/uk/lviv/impero-cafe-fur-lvi/,"Kulparkivska St, 64а, L'viv, L'vivs'ka oblast, Ukraine, 79041","{'lat': 49.8265214, 'lng': 23.9896052}",09:00:00,21:00:00,214.0,High
179,CACAO,https://glovoapp.com/ua/uk/lviv/cacao-lvii/,"Pasichna St, 154 д, L'viv, L'vivs'ka oblast, Ukraine, 79035","{'lat': 49.80760060000001, 'lng': 24.0736459}",09:00:00,20:00:00,125.0,Medium-Low
180,CACAO,https://glovoapp.com/ua/uk/lviv/cacao-lv/,"Pasichna St, 154 д, L'viv, L'vivs'ka oblast, Ukraine, 79035","{'lat': 49.80760060000001, 'lng': 24.0736459}",09:00:00,20:00:00,194.0,High
181,Tempo del Caffe,https://glovoapp.com/ua/uk/lviv/tempo-del-caffe-lvi/,"Pasichna St, 171, L'viv, L'vivs'ka oblast, Ukraine, 79000","{'lat': 49.8034743, 'lng': 24.0737701}",09:00:00,21:00:00,169.0,Medium-High
182,Kebab / Кебаб,https://glovoapp.com/ua/uk/lviv/kebab-lvi/,"Yevhena Petrushevycha Square, 5, L'viv, L'vivs'ka oblast, Ukraine, 79000","{'lat': 49.83333409999999, 'lng': 24.03597569999999}",10:00:00,21:00:00,182.0,Medium-High
183,Kikabidze / Кікабідзе,https://glovoapp.com/ua/uk/lviv/kikabidze-lvi/,"Svobody Ave, 28, L'viv, L'vivs'ka oblast, Ukraine, 79000","{'lat': 49.8440167, 'lng': 24.0262123}",09:00:00,21:00:00,182.0,Medium-High
184,Green Garden,https://glovoapp.com/ua/uk/lviv/greengarden/,"Rudanskoho St, 1, L'viv, L'vivs'ka oblast, Ukraine, 79005","{'lat': 49.8383008, 'lng': 24.0305654}",11:00:00,21:00:00,236.0,High
185,ADANA KEBAB,https://glovoapp.com/ua/uk/lviv/adana-kebab-lvi/,"Ostapa Nyzhankivs'koho St, 26, L'viv, L'vivs'ka oblast, Ukraine, 79000","{'lat': 49.83757869999999, 'lng': 24.0324587}",09:30:00,23:00:00,58.0,Low
186,Royal Hamburger,https://glovoapp.com/ua/uk/lviv/royal-hamburger-lvi/,"Kulparkivska St, 226а, L'viv, L'vivs'ka oblast, Ukraine, 79000","{'lat': 49.807748, 'lng': 23.9785908}",10:00:00,22:00:00,94.0,Medium-Low
187,Discovery Patio,https://glovoapp.com/ua/uk/lviv/discovery-patio-lvi/,"Novyi Svit St, 15, L'viv, L'vivs'ka oblast, Ukraine, 79013","{'lat': 49.8340878, 'lng': 24.0114617}",08:00:00,22:00:00,77.0,Low
188,Хот-доги LA П'ЄЦ / Hot Dogs LA PIEC,https://glovoapp.com/ua/uk/lviv/hot-dogi-la-pyec-lvi/,"Heroiv UPA St, 73, L'viv, L'vivs'ka oblast, Ukraine, 79041","{'lat': 49.8279805, 'lng': 23.9917595}",10:00:00,23:00:00,216.0,High
189,Sloppy Joe Burgers,https://glovoapp.com/ua/uk/lviv/sloppy-joe-burgers-lvi/,"Staroievreiska St, 26, L'viv, L'vivs'ka oblast, Ukraine, 79000","{'lat': 49.8406222, 'lng': 24.0329941}",11:00:00,23:00:00,134.0,Medium-Low
190,Ostannia barukada / Остання Барикада,https://glovoapp.com/ua/uk/lviv/ostannya-barikada-lvi/,"Maidan Nezalezhnosti, 1, Kyiv, Ukraine, 02000","{'lat': 50.4509449, 'lng': 30.5226394}",11:00:00,21:00:00,144.0,Medium-High
191,Sushiya / Сушия,https://glovoapp.com/ua/uk/lviv/sushiya-lvi/,"ТРЦ ""Форум, Pid Dubom St, 7Б, L'viv, L'vivs'ka oblast, Ukraine, 79000","{'lat': 49.8498827, 'lng': 24.0223092}",10:00:00,20:30:00,183.0,Medium-High
192,Kebab sandwich bar,https://glovoapp.com/ua/uk/lviv/kebab-sandwich-bar-lvi/,"RXRW+45, Lviv, Lviv Oblast, Ukraine, 79023","{'lat': 49.8403894, 'lng': 23.99548919999999}",00:00:00,12:00:00,90.0,Low
193,Ribs House,https://glovoapp.com/ua/uk/lviv/ribs-house-lvi/,"Chervonoyi Kalyny Ave, 36, L'viv, L'vivs'ka oblast, Ukraine, 79036","{'lat': 49.79825950000001, 'lng': 24.0471055}",12:00:00,21:00:00,175.0,Medium-High
194,Varenyky TUT / Вареники ТУТ,https://glovoapp.com/ua/uk/lviv/varenyky-tut-lvi/,"ТЦ Forum Lviv, 3 поверх, Pid Dubom St, 7 Б, L'viv, L'vivs'ka oblast, Ukraine, 79000","{'lat': 49.85014619999999, 'lng': 24.0232173}",10:00:00,22:00:00,55.0,Low
195,1708 Pizza di Napoli,https://glovoapp.com/ua/uk/lviv/1708-pizza-di-napoli/,"Fedkovycha St, 60А, L'viv, L'vivs'ka oblast, Ukraine, 79018","{'lat': 49.8328526, 'lng': 23.9969106}",09:00:00,21:00:00,199.0,High
196,Holy Moly,https://glovoapp.com/ua/uk/lviv/holy-lvi/,"Shevchenka St, 158, L'viv, L'vivs'ka oblast, Ukraine, 79000","{'lat': 49.8556674, 'lng': 23.9818122}",09:00:00,18:00:00,160.0,Medium-High
197,Frans.ua / Франс.уа,https://glovoapp.com/ua/uk/lviv/fransualvi/,"Rizni Square, 8, L'viv, L'vivs'ka oblast, Ukraine, 79000","{'lat': 49.8454747, 'lng': 24.0264985}",00:00:00,12:00:00,60.0,Low
198,Celentano Ristorante/Челентано,https://glovoapp.com/ua/uk/lviv/celentanoristorantelvi/,"вул. Галицька, 1, Rynok Square, 21, L'viv, L'vivs'ka oblast, Ukraine, 79000","{'lat': 49.84101049999999, 'lng': 24.031225}",10:00:00,22:00:00,161.0,Medium-High
199,Truffaldino,https://glovoapp.com/ua/uk/lviv/truffaldino-lvi/,"Mykoly Khvyl'ovoho St, 50, L'viv, L'vivs'ka oblast, Ukraine, 79000","{'lat': 49.8696666, 'lng': 24.0389374}",11:00:00,22:00:00,223.0,High
200,Kebab hub,https://glovoapp.com/ua/uk/lviv/kebabhub-lvi/,"Ivana Horbachevs'koho St, 22, L'viv, L'vivs'ka oblast, Ukraine, 79000","{'lat': 49.8279009, 'lng': 24.00947949999999}",09:00:00,21:00:00,26.0,Low
201,Medivnia / Медівня,https://glovoapp.com/ua/uk/lviv/medovnia-lvi/,"Krakivska St, 17, L'viv, L'vivs'ka oblast, Ukraine, 79007","{'lat': 49.843278, 'lng': 24.0298217}",06:00:00,23:59:00,163.0,Medium-High
202,Poke LULU,https://glovoapp.com/ua/uk/lviv/poke-lulu-lvi/,"Kulparkivska St, 226 А, L'viv, L'vivs'ka oblast, Ukraine, 79000","{'lat': 49.8077403, 'lng': 23.9783733}",10:00:00,22:00:00,138.0,Medium-High
203,MA Pizza,https://glovoapp.com/ua/uk/lviv/ma-pizza-lvi/,"Kytaiska St, 10, L'viv, L'vivs'ka oblast, Ukraine, 79000","{'lat': 49.82150069999999, 'lng': 24.0797836}",09:30:00,21:00:00,187.0,High
204,UNA PINSA,https://glovoapp.com/ua/uk/lviv/unapinsa-lvi/,"Kulparkivska St, 226 а, L'viv, L'vivs'ka oblast, Ukraine, 79000","{'lat': 49.8078349, 'lng': 23.9774483}",10:00:00,22:00:00,123.0,Medium-Low
205,Kvadrat Sushi&Pizza,https://glovoapp.com/ua/uk/lviv/kvadrat-sushiandpizza-lvi/,"Bohdana Khmel'nyts'koho St, 127, L'viv, L'vivs'ka oblast, Ukraine, 79019","{'lat': 49.8535687, 'lng': 24.0387149}",11:00:00,21:00:00,155.0,Medium-High
206,EPIC CHICKEN CAFE,https://glovoapp.com/ua/uk/lviv/epic-chicken-cafe-lvi/,"Mykoly Voronoho St, 3, L'viv, L'vivs'ka oblast, Ukraine, 79005","{'lat': 49.8382819, 'lng': 24.0300484}",11:00:00,22:00:00,124.0,Medium-Low
207,Pizza Celentano Ristorante Fabrik,https://glovoapp.com/ua/uk/lviv/pizza-celentano-ristorante-lvi/,"Stryiska St, 45, L'viv, L'vivs'ka oblast, Ukraine, 79000","{'lat': 49.8053225, 'lng': 24.0193222}",10:00:00,21:00:00,182.0,Medium-High
208,Grill Pub,https://glovoapp.com/ua/uk/lviv/grill-pub-lvi/,"Pid Dubom St, 7Б, L'viv, L'vivs'ka oblast, Ukraine, 79000","{'lat': 49.8499048, 'lng': 24.0225117}",10:00:00,22:00:00,119.0,Medium-Low
209,Knights Gallery / Галерея Лицарів,https://glovoapp.com/ua/uk/lviv/knights-gallery-lvi/,"Svobody Ave, 16-18, L'viv, L'vivs'ka oblast, Ukraine, 79000","{'lat': 49.8423485, 'lng': 24.0282238}",11:00:00,22:00:00,167.0,Medium-High
210,Franko/Франко,https://glovoapp.com/ua/uk/lviv/frankovakuznya-lvi/,"Katedralna Square, 3, L'viv, L'vivs'ka oblast, Ukraine, 79000","{'lat': 49.84108270000001, 'lng': 24.0303255}",09:00:00,23:00:00,184.0,High
211,NONAME,https://glovoapp.com/ua/uk/lviv/noname-lvi/,"Heroiv UPA St, 73, Korpus 8, L'viv, L'vivs'ka oblast, Ukraine, 79000","{'lat': 49.8289053, 'lng': 23.992354}",12:00:00,21:00:00,108.0,Medium-Low
212,MVF / МВФ,https://glovoapp.com/ua/uk/lviv/mvf-lvi/,"Katedralna Square, 3, L'viv, L'vivs'ka oblast, Ukraine, 79000","{'lat': 49.8410959, 'lng': 24.0304368}",09:00:00,22:00:00,114.0,Medium-Low
213,BAO Casual,https://glovoapp.com/ua/uk/lviv/bao-modern-chinese-cuisine-lvi/,"Akademika Andriya Sakharova St, 41, L'viv, L'vivs'ka oblast, Ukraine, 79012","{'lat': 49.82122099999999, 'lng': 24.01708259999999}",11:00:00,22:00:00,256.0,High
214,YOGURTERIA,https://glovoapp.com/ua/uk/lviv/yogurteria-lvi/,"Unnamed Road, Lviv, Lviv Oblast, Ukraine, 79000","{'lat': 49.80798069999999, 'lng': 23.9766526}",10:00:00,22:00:00,52.0,Low
215,Ebi sushi,https://glovoapp.com/ua/uk/lviv/ebi-sushi-lvi/,"Knyahyni Ol'hy St, 98в, L'viv, L'vivs'ka oblast, Ukraine, 79000","{'lat': 49.8190356, 'lng': 24.0028376}",11:00:00,21:00:00,152.0,Medium-High
216,FLY KIDS,https://glovoapp.com/ua/uk/lviv/fly-kids-lvi/,"Patona St, 37, L'viv, L'vivs'ka oblast, Ukraine, 79000","{'lat': 49.8224247, 'lng': 23.9586389}",12:00:00,21:00:00,135.0,Medium-Low
217,Tam de kava,https://glovoapp.com/ua/uk/lviv/tam-de-kava-lvi/,"Henerala Chuprynky St, 61, L'viv, L'vivs'ka oblast, Ukraine, 79000","{'lat': 49.82902120000001, 'lng': 24.0066266}",08:00:00,21:30:00,64.0,Low
218,Demandjaro pizza & pasta / ДеМанджаро піца і паста,https://glovoapp.com/ua/uk/lviv/demandjaro-lvi/,"Halytska St, 10, L'viv, L'vivs'ka oblast, Ukraine, 79000","{'lat': 49.8402241, 'lng': 24.03132129999999}",09:00:00,21:00:00,174.0,Medium-High
219,VIBE food & drinks,https://glovoapp.com/ua/uk/lviv/vibe-food-drinks-lvi/,"Truskavetska St, 2, L'viv, L'vivs'ka oblast, Ukraine, 79000","{'lat': 49.79767690000001, 'lng': 24.0114022}",11:00:00,23:00:00,236.0,High
220,Korky ta krykhty / Корки та крихти,https://glovoapp.com/ua/uk/lviv/korkytakrykhty-lvi/,"Lesi Ukrainky St, 27, L'viv, L'vivs'ka oblast, Ukraine, 79000","{'lat': 49.8437735, 'lng': 24.031521}",09:00:00,22:00:00,225.0,High
221,Lysko Kebab Drive,https://glovoapp.com/ua/uk/lviv/lysko-lvi/,"Luhanska St, 8, L'viv, L'vivs'ka oblast, Ukraine, 79034","{'lat': 49.80783789999999, 'lng': 24.0533252}",08:00:00,21:45:00,41.0,Low
222,ÉDES,https://glovoapp.com/ua/uk/lviv/edes-lvi/,"Dzhordzha Vashynhtona St, 8, L'viv, L'vivs'ka oblast, Ukraine, 79000","{'lat': 49.8138275, 'lng': 24.0760726}",10:00:00,19:00:00,75.0,Low
223,Teddy,https://glovoapp.com/ua/uk/lviv/teddylvi/,"Chaikovs'koho St, 20, L'viv, L'vivs'ka oblast, Ukraine, 79000","{'lat': 49.83679009999999, 'lng': 24.0280592}",11:00:00,22:00:00,283.0,High
224,4friends Delivery Steaks & Burgers,https://glovoapp.com/ua/uk/lviv/4friends-whiskey-pub-lvi/,"Dzhokhar Dudaev St, 2, L'viv, L'vivs'ka oblast, Ukraine, 79000","{'lat': 49.8366564, 'lng': 24.0312719}",06:00:00,23:45:00,150.0,Medium-High
225,Чача,https://glovoapp.com/ua/uk/lviv/chacha-lvi/,"Ivana Fedorova St, 14, L'viv, L'vivs'ka oblast, Ukraine, 79000","{'lat': 49.8421254, 'lng': 24.033494}",10:00:00,21:00:00,182.0,Medium-High
226,Kampai sushi&pizza,https://glovoapp.com/ua/uk/lviv/kampai-sushipizza-lvi/,"Troleibusna St, 7, L'viv, L'vivs'ka oblast, Ukraine, 79000","{'lat': 49.8054093, 'lng': 24.0076003}",11:00:00,21:00:00,180.0,Medium-High
227,Brioche pekarnya-kavyarnya / Brioche пекарня-кав’ярня,https://glovoapp.com/ua/uk/lviv/brioche-pekarnya-kavyarnya-lvi/,"Pasichna St, 173, L'viv, L'vivs'ka oblast, Ukraine, 79027","{'lat': 49.80394539999999, 'lng': 24.0708102}",09:00:00,21:00:00,209.0,High
228,Frog and Dog,https://glovoapp.com/ua/uk/lviv/frog-and-dog-lvi/,"Shyroka St, 100, L'viv, L'vivs'ka oblast, Ukraine, 79052","{'lat': 49.8425703, 'lng': 23.9603609}",09:00:00,21:00:00,87.0,Low
229,Khinkalnia na Chornovola / Хінкальня на Чорновола,https://glovoapp.com/ua/uk/lviv/khinkalnia-na-chornovola-lvi/,"Viacheslava Chornovola Ave, 16і, L'viv, L'vivs'ka oblast, Ukraine, 79007","{'lat': 49.85542359999999, 'lng': 24.0231503}",11:00:00,21:00:00,82.0,Low
230,Eight bar Cocktails,https://glovoapp.com/ua/uk/lviv/eight-bar-cocktails-lvi/,"Tadeusha Kostyushka St, 8, L'viv, L'vivs'ka oblast, Ukraine, 79000","{'lat': 49.8400139, 'lng': 24.0240312}",10:00:00,23:00:00,123.0,Medium-Low
231,CACAO,https://glovoapp.com/ua/uk/lviv/cacao1-lvi/,"Pasichna St, 154 д, L'viv, L'vivs'ka oblast, Ukraine, 79035","{'lat': 49.80760060000001, 'lng': 24.0736459}",09:00:00,20:00:00,219.0,High
232,Mangal Garden,https://glovoapp.com/ua/uk/lviv/mangal-garden-lvi/,"Kulparkivska St, 226а, L'viv, L'vivs'ka oblast, Ukraine, 79000","{'lat': 49.8071375, 'lng': 23.9782925}",10:00:00,21:00:00,100.0,Medium-Low
233,Levova Palianytsia/Левова Паляниця,https://glovoapp.com/ua/uk/lviv/levova-palianytsia-lvi/,"Arkhitektorska St, 5, L'viv, L'vivs'ka oblast, Ukraine, 79000","{'lat': 49.8354308, 'lng': 24.0127116}",07:00:00,22:00:00,163.0,Medium-High
234,BO nalyvky / Бо наливки,https://glovoapp.com/ua/uk/lviv/bo-nalyvky-lvi/,"Staroievreiska St, 7, L'viv, L'vivs'ka oblast, Ukraine, 79000","{'lat': 49.8405502, 'lng': 24.0320097}",10:00:00,22:00:00,164.0,Medium-High
235,Monster Burger / Монстр Бургер,https://glovoapp.com/ua/uk/lviv/monster-burger/,"Knyahyni Ol'hy St, 71, L'viv, L'vivs'ka oblast, Ukraine, 79000","{'lat': 49.8063745, 'lng': 23.9993539}",10:00:00,21:00:00,213.0,High
236,Coffee&Burger.Pizza. Bake House,https://glovoapp.com/ua/uk/lviv/coffe-burger-pizza-bake-house-lvi/,"Sykhivska St, 16, L'viv, L'vivs'ka oblast, Ukraine, 79066","{'lat': 49.7948089, 'lng': 24.0643415}",09:30:00,19:00:00,199.0,High
237,Білий Налив / Bilyi Nalyv,https://glovoapp.com/ua/uk/lviv/bilij-naliv-bilyi-nalyv-lvi/,"Serbska St, 4, L'viv, L'vivs'ka oblast, Ukraine, 79000","{'lat': 49.8411209, 'lng': 24.0328524}",12:00:00,22:00:00,146.0,Medium-High
238,WINETIME FOOD,https://glovoapp.com/ua/uk/lviv/winetime-lvi1/,"Viacheslava Chornovola Ave, 45, L'viv, L'vivs'ka oblast, Ukraine, 79058","{'lat': 49.8549082, 'lng': 24.0220145}",11:00:00,21:00:00,,High
239,Three crowns / Три Корони,https://glovoapp.com/ua/uk/lviv/3-crowns-lvi/,"Kulparkivska St, 172а, L'viv, L'vivs'ka oblast, Ukraine, 79021","{'lat': 49.813858, 'lng': 23.982098}",11:00:00,21:00:00,117.0,Medium-Low
240,Nika Sushi,https://glovoapp.com/ua/uk/lviv/nika-sushi-lvi/,"Malogoloskivska St, 8Д, L'viv, L'vivs'ka oblast, Ukraine, 79000","{'lat': 49.8664899, 'lng': 24.0025308}",11:00:00,22:00:00,315.0,High
241,Sushi z lyubovyu / Суші з любов'ю,https://glovoapp.com/ua/uk/lviv/sushi-z-lyubovyu-lvi/,"Marii Zankovetskoi St, 8б, Zymna Voda, L'vivs'ka oblast, Ukraine, 81110","{'lat': 49.81978540000001, 'lng': 23.8958434}",11:00:00,22:00:00,199.0,High
242,Honey Fish,https://glovoapp.com/ua/uk/lviv/honey-fish-lvi/,"Rynok Square, 5, L'viv, L'vivs'ka oblast, Ukraine, 79000","{'lat': 49.8422947, 'lng': 24.03248259999999}",10:00:00,23:00:00,365.0,High
243,Tykami / Тукамі,https://glovoapp.com/ua/uk/lviv/tukami-lvi/,"Lystopadovoho Chynu St, 7, L'viv, L'vivs'ka oblast, Ukraine, 79000","{'lat': 49.83772880000001, 'lng': 24.0156731}",12:00:00,22:00:00,266.0,High
244,Breakfast in Borshch,https://glovoapp.com/ua/uk/lviv/breakfast-in-borshch-lvi/,"Katedralna Square, 3, L'viv, L'vivs'ka oblast, Ukraine, 79000","{'lat': 49.8410871, 'lng': 24.0303287}",09:00:00,23:00:00,79.0,Low
245,Patrik Pab / Патрік Паб,https://glovoapp.com/ua/uk/lviv/patryk-pab-lvi/,"Knyahyni Ol'hy St, 69 А, L'viv, L'vivs'ka oblast, Ukraine, 79000","{'lat': 49.8072092, 'lng': 24.0000836}",12:00:00,22:30:00,153.0,Medium-High
246,Oksana / Оксана,https://glovoapp.com/ua/uk/lviv/oksana-lvi/,"Horodotska St, 207, L'viv, L'vivs'ka oblast, Ukraine, 79000","{'lat': 49.8332367, 'lng': 23.9843616}",10:00:00,21:00:00,117.0,Medium-Low
247,Pizza Italiano,https://glovoapp.com/ua/uk/lviv/pizza-celentano-lvi/,"Horodotska St, 141, L'viv, L'vivs'ka oblast, Ukraine, 79000","{'lat': 49.83659050000001, 'lng': 24.0024769}",10:00:00,21:00:00,153.0,Medium-High
248,Three Crowns Pizza / Три корони Піца,https://glovoapp.com/ua/uk/lviv/three-crowns-pizza-lvi/,"Kulparkivska St, 172а, L'viv, L'vivs'ka oblast, Ukraine, 79021","{'lat': 49.813858, 'lng': 23.982098}",11:00:00,21:00:00,136.0,Medium-High
249,Leonardo,https://glovoapp.com/ua/uk/lviv/leonardo-lvi/,"Stryiska St, 106a, L'viv, L'vivs'ka oblast, Ukraine, 79026","{'lat': 49.8069679, 'lng': 24.0180485}",10:00:00,21:00:00,151.0,Medium-High
250,Хліб з маслом coffee shop,https://glovoapp.com/ua/uk/lviv/bread-with-butter-coffee-shop-lvi/,"Kubiiovycha St, 35А, L'viv, L'vivs'ka oblast, Ukraine, 79000","{'lat': 49.82545200000001, 'lng': 24.0390631}",09:00:00,20:00:00,85.0,Low
251,Шашличний двір,https://glovoapp.com/ua/uk/lviv/shashluchuy-dvir-lvi/,"300м від КПП ДАЇ по трасі Львів-Шегині, Zymna Voda, L'vivs'ka oblast, Ukraine, 79000","{'lat': 49.8156547, 'lng': 23.8838005}",10:00:00,23:00:00,156.0,Medium-High
252,Lambuka lounge bar,https://glovoapp.com/ua/uk/lviv/lambuka-lounge-bar-lvi/,"Valova St, 13, L'viv, L'vivs'ka oblast, Ukraine, 79000","{'lat': 49.8399446, 'lng': 24.0328996}",14:00:00,02:00:00,91.0,Low
253,Mlyntsi na Molotsi / Млинці на Молоці,https://glovoapp.com/ua/uk/lviv/mlyntsi-na-molotsi-lv/,"Yevhena Konovaltsia St, 10, L'viv, L'vivs'ka oblast, Ukraine, 79013","{'lat': 49.833984, 'lng': 24.0082176}",09:00:00,19:00:00,85.0,Low
254,Lvivski plyatsky / Львівські пляцки,https://glovoapp.com/ua/uk/lviv/lvivski-plyatsky-lvi/,"Kam'yanytsya Alembekivsʹka, Rynok Square, 13, L'viv, L'vivs'ka oblast, Ukraine, 79000","{'lat': 49.841273, 'lng': 24.032412}",09:00:00,21:00:00,165.0,Medium-High
255,Korolivska Puvovarnya / Королівська Пивоварня,https://glovoapp.com/ua/uk/lviv/korolivska-puvovarnya-lvi/,"Староєврейська вулиця, 9, L'viv, L'vivs'ka oblast, Ukraine, 79000","{'lat': 49.8406062, 'lng': 24.0321985}",08:00:00,22:00:00,250.0,High
256,Хмільна Хата,https://glovoapp.com/ua/uk/lviv/hmilna-hata-lvi/,"Kolomyiska St, 18А, L'viv, L'vivs'ka oblast, Ukraine, 79000","{'lat': 49.7876434, 'lng': 24.0667209}",11:00:00,22:00:00,130.0,Medium-Low
257,IQ PIZZA,https://glovoapp.com/ua/uk/lviv/iq-pizza-lvi/,"Sadova St, 2, L'viv, L'vivs'ka oblast, Ukraine, 79000","{'lat': 49.8209401, 'lng': 23.9875866}",10:00:00,22:00:00,128.0,Medium-Low
258,Швидко-Смачно,https://glovoapp.com/ua/uk/lviv/glovo-express-gotova-lviv/,"Pid Dubom St, 7Б, L'viv, L'vivs'ka oblast, Ukraine, 79000","{'lat': 49.8501455, 'lng': 24.023267}",10:00:00,22:00:00,,High
259,Ferenc Restaurant,https://glovoapp.com/ua/uk/lviv/ferenc-restaurant-lvi/,"Ferentsa Lista St, 4, L'viv, L'vivs'ka oblast, Ukraine, 79000","{'lat': 49.8383447, 'lng': 24.0282192}",08:30:00,21:00:00,244.0,High
260,Big Burger / Біг Бургер,https://glovoapp.com/ua/uk/lviv/bigburger-lvi/,"Dzhokhar Dudaev St, 4, L'viv, L'vivs'ka oblast, Ukraine, 79000","{'lat': 49.8366177, 'lng': 24.03101629999999}",10:00:00,20:45:00,92.0,Medium-Low
261,Khinkalnya,https://glovoapp.com/ua/uk/lviv/khinkalnya-lvi/,"Kryva Lypa Passage, 1, L'viv, L'vivs'ka oblast, Ukraine, 79000","{'lat': 49.840498, 'lng': 24.026906}",10:00:00,21:00:00,89.0,Low
262,Green Garden,https://glovoapp.com/ua/uk/lviv/green-garden-pan-asiatic-and-eastern-restaurant-lvi/,"Rudanskoho St, 1, L'viv, L'vivs'ka oblast, Ukraine, 79005","{'lat': 49.8383008, 'lng': 24.0305654}",11:00:00,21:00:00,220.0,High
263,Burek / Бурек,https://glovoapp.com/ua/uk/lviv/burek-lvi/,"Stryiska St, 109, L'viv, L'vivs'ka oblast, Ukraine, 79045","{'lat': 49.7869548, 'lng': 24.0164067}",10:00:00,21:00:00,56.0,Low
264,Fat Dragon,https://glovoapp.com/ua/uk/lviv/fat-dragon-lvi/,"вулиця Героїв УПА, 73 корпус 7 поверх 1, L'viv, L'vivs'ka oblast, Ukraine, 79000","{'lat': 49.8281435, 'lng': 23.9921408}",11:00:00,22:00:00,337.0,High
265,GEOkebab,https://glovoapp.com/ua/uk/lviv/geokebab-lvi/,"Yevhena Petrushevycha Square, 5, L'viv, L'vivs'ka oblast, Ukraine, 79000","{'lat': 49.83333409999999, 'lng': 24.03597569999999}",10:00:00,21:00:00,83.0,Low
266,Celentano Ristorante,https://glovoapp.com/ua/uk/lviv/celentanoristorantelv/,"вул. Галицька, 1, Rynok Square, 21, L'viv, L'vivs'ka oblast, Ukraine, 79000","{'lat': 49.84101049999999, 'lng': 24.031225}",10:00:00,22:00:00,203.0,High
267,Kumpel / Кумпель за Оперним,https://glovoapp.com/ua/uk/lviv/kumpel-lvilvi/,"Viacheslava Chornovola Ave, 2Б, L'viv, L'vivs'ka oblast, Ukraine, 79000","{'lat': 49.84651700000001, 'lng': 24.025801}",09:00:00,21:00:00,217.0,High
268,La Famiglia,https://glovoapp.com/ua/uk/lviv/la-famiglia-lviv/,"Hetmana Mazepy St, 1Б, L'viv, L'vivs'ka oblast, Ukraine, 79068","{'lat': 49.86997619999999, 'lng': 24.0231478}",10:00:00,21:00:00,168.0,Medium-High
269,Комплексні обіди від Тамаш Кебаб / Kompleksni obidy vid Tamash Kebab,https://glovoapp.com/ua/uk/lviv/kompleksni-obidy-vid-tamash-kebab-lvi/,"Panteleimona Kulisha St, 10, L'viv, L'vivs'ka oblast, Ukraine, 79000","{'lat': 49.8467692, 'lng': 24.0246152}",10:00:00,21:00:00,62.0,Low
270,I'm burger,https://glovoapp.com/ua/uk/lviv/im-burger-lvi/,"Halytska St, 19, L'viv, L'vivs'ka oblast, Ukraine, 79000","{'lat': 49.8399642, 'lng': 24.0318951}",10:00:00,22:00:00,77.0,Low
271,KUMPEL / Кумпель на Ринку,https://glovoapp.com/ua/uk/lviv/kumpel-na-rynku-lvi/,"Rynok Square, 18, L'viv, L'vivs'ka oblast, Ukraine, 79000","{'lat': 49.8411904, 'lng': 24.031705}",12:00:00,21:30:00,193.0,High
272,ITALIAN BAKERY / Італійська пекарня,https://glovoapp.com/ua/uk/lviv/italian-bakery-lvi/,"Krakivska St, 3, L'viv, L'vivs'ka oblast, Ukraine, 79000","{'lat': 49.8424636, 'lng': 24.0301681}",08:00:00,23:00:00,214.0,High
273,Craft & Kumpel',https://glovoapp.com/ua/uk/lviv/craft-kumpel-lvi/,"Kulparkivska St, 200а, L'viv, L'vivs'ka oblast, Ukraine, 79071","{'lat': 49.8115917, 'lng': 23.9831439}",12:00:00,21:30:00,199.0,High
274,VashLAVash / ВашЛАВаш,https://glovoapp.com/ua/uk/lviv/vashlavash-lvi/,"Kostomarova St, 1, L'viv, L'vivs'ka oblast, Ukraine, 79000","{'lat': 49.8335058, 'lng': 24.0345318}",09:00:00,21:00:00,50.0,Low
275,BPSH / БПШ,https://glovoapp.com/ua/uk/lviv/bpsh-lvi/,"Antonovycha St, 48А, Kyiv, Ukraine, 02000","{'lat': 50.4327042, 'lng': 30.513165}",09:30:00,21:00:00,116.0,Medium-Low
276,Art Pizza,https://glovoapp.com/ua/uk/lviv/art-pizza-lvi/,"Volodymyra Velykoho St, 2, L'viv, L'vivs'ka oblast, Ukraine, 79000","{'lat': 49.8104223, 'lng': 24.0159314}",10:00:00,22:00:00,184.0,High
277,Fabrica Pizzy /Фабрика Піци,https://glovoapp.com/ua/uk/lviv/fabrica-pizzy-lvi/,"Pasichna St, 175, L'viv, L'vivs'ka oblast, Ukraine, 79066","{'lat': 49.8037511, 'lng': 24.0717694}",10:00:00,22:00:00,169.0,Medium-High
278,Kryivka / Криївка,https://glovoapp.com/ua/uk/lviv/kryivka-lvi/,"пл. Ринок, 14 (підвал), L'viv, L'vivs'ka oblast, Ukraine, 79000","{'lat': 49.84129309999999, 'lng': 24.0322703}",11:00:00,22:30:00,108.0,Medium-Low
279,Otto / Отто,https://glovoapp.com/ua/uk/lviv/otto-lvi/,"Solomii Krushel'nyts'koi St, 1, L'viv, L'vivs'ka oblast, Ukraine, 79000","{'lat': 49.8383732, 'lng': 24.0227132}",09:00:00,18:00:00,58.0,Low
280,Faber,https://glovoapp.com/ua/uk/lviv/faber-lvi/,"Antonovycha St, 112a, L'viv, L'vivs'ka oblast, Ukraine, 79000","{'lat': 49.8287266, 'lng': 23.9940467}",10:00:00,22:00:00,260.0,High
281,MYSHLYA,https://glovoapp.com/ua/uk/lviv/myshlya-lvi/,"Rynok Square, 35, L'viv, L'vivs'ka oblast, Ukraine, 79008","{'lat': 49.842475, 'lng': 24.0307391}",07:30:00,23:59:00,204.0,High
282,Beer&Grill chicken Drive,https://glovoapp.com/ua/uk/lviv/grill-chicken-drive-lvi/,"Zamarstynivska St, 132, L'viv, L'vivs'ka oblast, Ukraine, 79000","{'lat': 49.8620788, 'lng': 24.0270176}",10:00:00,22:00:00,76.0,Low
283,Grain,https://glovoapp.com/ua/uk/lviv/grain-lvi/,"Horodotska St, 174, офіс 6, L'viv, L'vivs'ka oblast, Ukraine, 79000","{'lat': 49.8326607, 'lng': 23.9672227}",09:00:00,18:00:00,74.0,Low
284,Veterano pizza,https://glovoapp.com/ua/uk/lviv/veterano-pizza-lvi/,"Staroievreiska St, 18, L'viv, L'vivs'ka oblast, Ukraine, 79008","{'lat': 49.8405414, 'lng': 24.0325002}",11:00:00,23:00:00,201.0,High
286,MORPHO/Кав'ярня-кондитерська,https://glovoapp.com/ua/uk/lviv/morpho-lvi/,"Ivana Vyhovskoho St, L'viv, L'vivs'ka oblast, Ukraine, 79000","{'lat': 49.81340160000001, 'lng': 23.9767368}",09:00:00,21:00:00,77.0,Low
287,Orangerie,https://glovoapp.com/ua/uk/lviv/orangerie-lvi/,"Lychakivska St, 181, L'viv, L'vivs'ka oblast, Ukraine, 79014","{'lat': 49.8362413, 'lng': 24.0686249}",00:00:00,12:00:00,192.0,High
288,Fabrica Pizzy /Фабрика Піци,https://glovoapp.com/ua/uk/lviv/fabricapizzy-lvi/,"Pasichna St, 175, L'viv, L'vivs'ka oblast, Ukraine, 79066","{'lat': 49.8037511, 'lng': 24.0717694}",10:00:00,22:00:00,169.0,Medium-High
289,Sunset Lounge Bar,https://glovoapp.com/ua/uk/lviv/sunset-lounge-bar-lvi/,"Hazova St, 26, L'viv, L'vivs'ka oblast, Ukraine, 79019","{'lat': 49.84849039999999, 'lng': 24.0223467}",12:00:00,23:59:00,118.0,Medium-Low
290,Pronto Pizza Sushi Pro,https://glovoapp.com/ua/uk/lviv/pronto-pizza-sushi-pro-lvi/,"Viacheslava Chornovola Ave, 101, L'viv, L'vivs'ka oblast, Ukraine, 79000","{'lat': 49.8654124, 'lng': 24.0157972}",10:00:00,21:30:00,,High
291,Puluj / Пулюй,https://glovoapp.com/ua/uk/lviv/puluj-puliuia-lvi/,"Puliuia st., 40, L'viv, L'vivs'ka oblast, Ukraine, 79000","{'lat': 49.8010741, 'lng': 23.9880659}",11:00:00,22:00:00,169.0,Medium-High
292,"Pstruh, Khlib Ta Vyno/ Пструг, хліб та вино",https://glovoapp.com/ua/uk/lviv/pstruh-khlib-ta-vyno-lvi/,"Brativ Rohatyntsiv St, 49, L'viv, L'vivs'ka oblast, Ukraine, 79000","{'lat': 49.8410072, 'lng': 24.0347176}",12:00:00,22:30:00,144.0,Medium-High
293,La Grotta / Ла Гротта,https://glovoapp.com/ua/uk/lviv/la-grotta-la-grotta-lvi/,"Krakivska St, 9, L'viv, L'vivs'ka oblast, Ukraine, 79000","{'lat': 49.84277679999999, 'lng': 24.0297946}",11:00:00,23:59:00,219.0,High
294,Three Crowns Grill /  Три Корони Гриль,https://glovoapp.com/ua/uk/lviv/three-crowns-grill-lvi/,"Kulparkivska St, 172а, L'viv, L'vivs'ka oblast, Ukraine, 79021","{'lat': 49.813858, 'lng': 23.982098}",11:00:00,21:00:00,184.0,High
295,Kupava/Купава,https://glovoapp.com/ua/uk/lviv/kupava-lvi/,"Komarova St, 17, L'viv, L'vivs'ka oblast, Ukraine, 79000","{'lat': 49.84392649999999, 'lng': 24.0020508}",10:00:00,22:00:00,189.0,High
296,WeSushi,https://glovoapp.com/ua/uk/lviv/wesushi-lvi/,"Skoryny St, 44, L'viv, L'vivs'ka oblast, Ukraine, 79031","{'lat': 49.7981162, 'lng': 24.0258229}",10:00:00,22:00:00,280.0,High
297,Meat Friends,https://glovoapp.com/ua/uk/lviv/meat-friends-lvi/,"Dzhokhar Dudaev St, 2, L'viv, L'vivs'ka oblast, Ukraine, 79000","{'lat': 49.8366564, 'lng': 24.0312719}",06:00:00,23:45:00,255.0,High
298,P. Sykhiv / П. Сихів,https://glovoapp.com/ua/uk/lviv/psykhiv-lvi/,"Sykhivska St, 22, L'viv, L'vivs'ka oblast, Ukraine, 79000","{'lat': 49.7946755, 'lng': 24.0632877}",11:00:00,23:00:00,152.0,Medium-High
299,Sushi Master / Суши Мастер,https://glovoapp.com/ua/uk/lviv/sushi-master-lvi/,"Zelena St, 176, L'viv, L'vivs'ka oblast, Ukraine, 79000","{'lat': 49.81487540000001, 'lng': 24.0603494}",10:00:00,20:00:00,294.0,High
300,Sour,https://glovoapp.com/ua/uk/lviv/sour-lvi/,"Sykhivska St, 12а, L'viv, L'vivs'ka oblast, Ukraine, 79066","{'lat': 49.795877, 'lng': 24.0629043}",01:00:00,23:00:00,212.0,High
301,Lvivskyi tsymus / Львівський цимус,https://glovoapp.com/ua/uk/lviv/lvivskyi-tsymus-lvi/,"Mytropolyta Anhelovycha St, 26, L'viv, L'vivs'ka oblast, Ukraine, 79000","{'lat': 49.83599830000001, 'lng': 24.0076433}",09:00:00,23:00:00,127.0,Medium-Low
302,Baluvana Galia / Балувана Галя,https://glovoapp.com/ua/uk/lviv/baluvana-galia-lvi/,"Stefana Yavorskoho Square, 1, L'viv, L'vivs'ka oblast, Ukraine, 79000","{'lat': 49.8417673, 'lng': 24.029754}",11:00:00,21:00:00,121.0,Medium-Low
303,Baluvana Galia / Балувана Галя,https://glovoapp.com/ua/uk/lviv/baluvana-galia-lvi/,"Stefana Yavorskoho Square, 1, L'viv, L'vivs'ka oblast, Ukraine, 79000","{'lat': 49.8417673, 'lng': 24.029754}",11:00:00,21:00:00,121.0,Medium-Low
304,Vesela Varenychka / Весела Вареничка,https://glovoapp.com/ua/uk/lviv/vesela-varenychka-lvi/,"Yefremova St, 19, L'viv, L'vivs'ka oblast, Ukraine, 79000","{'lat': 49.8328094, 'lng': 24.0087473}",09:00:00,20:00:00,40.0,Low
305,Chekhovych / Палярня Чехович,https://glovoapp.com/ua/uk/lviv/chekhovych1-lvi/,"Heroiv UPA St, 72, L'viv, L'vivs'ka oblast, Ukraine, 79000","{'lat': 49.8313946, 'lng': 23.9967997}",08:29:00,21:00:00,123.0,Medium-Low
306,Holodnyi Mykola / Голодний Микола,https://glovoapp.com/ua/uk/lviv/holodniy-mikola-lvi/,"Stryiska St, 352, L'viv, L'vivs'ka oblast, Ukraine, 79000","{'lat': 49.7770552, 'lng': 24.012912}",11:00:00,22:00:00,313.0,High
307,Rodynna Pekarnia/Родинна Пекарня,https://glovoapp.com/ua/uk/lviv/rodynna-pekarna-lvi/,"Levyts'koho St, 3, L'viv, L'vivs'ka oblast, Ukraine, 79000","{'lat': 49.8362368, 'lng': 24.0354546}",08:30:00,20:30:00,82.0,Low
308,Batyarsʹka Rebernya / Батярська Реберня,https://glovoapp.com/ua/uk/lviv/batyarska-rebernya-lvi/,"Sichovykh Striltsiv St, 3, L'viv, L'vivs'ka oblast, Ukraine, 79000","{'lat': 49.8409558, 'lng': 24.0255968}",12:00:00,21:00:00,119.0,Medium-Low
309,Master Doner Kebab / Майстер Донер Кебаб,https://glovoapp.com/ua/uk/lviv/majster-doner-kebab-lvi/,"магазин №2 на ринку Княжий, Volodymyra Velykoho St, 59в, L'viv, L'vivs'ka oblast, Ukraine, 79053","{'lat': 49.8104767, 'lng': 23.9980288}",09:00:00,23:59:00,85.0,Low
310,Chveni / Чвені,https://glovoapp.com/ua/uk/lviv/chveni-lvi/,"Lypynskoho St, 36, L'viv, L'vivs'ka oblast, Ukraine, 79000","{'lat': 49.86218900000001, 'lng': 24.030266}",11:00:00,21:00:00,165.0,Medium-High
311,Dos Almas,https://glovoapp.com/ua/uk/lviv/dos-almas-lvi/,"Stavropihiiska St, 5, L'viv, L'vivs'ka oblast, Ukraine, 79000","{'lat': 49.842774, 'lng': 24.0326134}",05:00:00,23:00:00,184.0,High
312,Al Capone Pizza / Аль Капоне,https://glovoapp.com/ua/uk/lviv/al-capone-pizza-lvi/,"Hetmana Mazepy St, 11Г, L'viv, L'vivs'ka oblast, Ukraine, 79000","{'lat': 49.8716158, 'lng': 24.0324614}",10:00:00,21:00:00,92.0,Medium-Low
313,MegaBulka / МегаБулка,https://glovoapp.com/ua/uk/lviv/megabulka-lvi/,"Zaliznychna St, 4, L'viv, L'vivs'ka oblast, Ukraine, 79000","{'lat': 49.83712939999999, 'lng': 24.0025776}",09:00:00,02:00:00,69.0,Low
314,Dobryy pes / Добрий Пес,https://glovoapp.com/ua/uk/lviv/dobryy-pes-lvi/,"Petra Doroshenka St, 45, L'viv, L'vivs'ka oblast, Ukraine, 79007","{'lat': 49.8369331, 'lng': 24.0215969}",10:00:00,20:00:00,55.0,Low
315,Cukor Black/ Цукор Black,https://glovoapp.com/ua/uk/lviv/cukor-black-lvi/,"Kryva Lypa Passage, 3, L'viv, L'vivs'ka oblast, Ukraine, 79000","{'lat': 49.8404607, 'lng': 24.0266651}",08:30:00,19:00:00,299.0,High
316,Epic Cheeseburger Cafe,https://glovoapp.com/ua/uk/lviv/epic-cheeseburger-cafe-lvi/,"Halytska St, 15, L'viv, L'vivs'ka oblast, Ukraine, 79000","{'lat': 49.8402163, 'lng': 24.0316635}",11:00:00,22:00:00,259.0,High
317,Seven,https://glovoapp.com/ua/uk/lviv/seven-lvi/,"Kryva Lypa Passage, 7, L'viv, L'vivs'ka oblast, Ukraine, 79000","{'lat': 49.8404302, 'lng': 24.02596339999999}",12:00:00,23:00:00,253.0,High
318,Bojkivska gostina / Бойківська гостина,https://glovoapp.com/ua/uk/lviv/bojkivska-gostina-lvi/,"Mytropolyta Andreya St, 8, L'viv, L'vivs'ka oblast, Ukraine, 79000","{'lat': 49.83687459999999, 'lng': 24.0105941}",11:00:00,21:00:00,85.0,Low
319,Bukhara / Бухара,https://glovoapp.com/ua/uk/lviv/bukhara-lvi/,"Furmanska St, 6, L'viv, L'vivs'ka oblast, Ukraine, 79000","{'lat': 49.843766, 'lng': 24.0250276}",12:00:00,22:00:00,105.0,Medium-Low
320,Silpo Resto / Сільпо Ресто,https://glovoapp.com/ua/uk/lviv/silpo-resto-lvi/,"Vicroria Gardens, вул. Кульпарківська, 226 А, L'viv, L'vivs'ka oblast, Ukraine, 79021","{'lat': 49.8071358, 'lng': 23.9782096}",10:00:00,20:00:00,82.0,Low
321,Restobar Fresh,https://glovoapp.com/ua/uk/lviv/restobar-fresh-lvi/,"Pasichna St, 148, L'viv, L'vivs'ka oblast, Ukraine, 79032","{'lat': 49.8089756, 'lng': 24.0777546}",10:00:00,23:00:00,103.0,Medium-Low
322,STORY,https://glovoapp.com/ua/uk/lviv/story-lvi/,"Akademika Andriya Sakharova St, 41, L'viv, L'vivs'ka oblast, Ukraine, 79000","{'lat': 49.8213242, 'lng': 24.0171396}",11:00:00,22:00:00,156.0,Medium-High
323,Грузинська кухня,https://glovoapp.com/ua/uk/lviv/gruzinskiy-lvi/,"Lesi Ukrainky St, 20, L'viv, L'vivs'ka oblast, Ukraine, 79008","{'lat': 49.8435898, 'lng': 24.0316505}",12:00:00,22:00:00,182.0,Medium-High
324,Sytyi Kozak / Ситий Козак,https://glovoapp.com/ua/uk/lviv/sytyi-kozak-lvi/,"Bazarna St, 11, L'viv, L'vivs'ka oblast, Ukraine, 79000","{'lat': 49.8459275, 'lng': 24.0187857}",10:00:00,16:00:00,56.0,Low
325,ROLL CLUB,https://glovoapp.com/ua/uk/lviv/roll-club-lvi/,"Naukova St, 59а, L'viv, L'vivs'ka oblast, Ukraine, 79000","{'lat': 49.8045949, 'lng': 23.9846714}",10:00:00,21:00:00,313.0,High
326,Celentano Ristorante,https://glovoapp.com/ua/uk/lviv/celentanoistorantelvi/,"вул. Галицька, 1, Rynok Square, 21, L'viv, L'vivs'ka oblast, Ukraine, 79000","{'lat': 49.84101049999999, 'lng': 24.031225}",10:00:00,22:00:00,102.0,Medium-Low
327,Shashlychnyi dim Gavar / Шашличний дім Гавар,https://glovoapp.com/ua/uk/lviv/shashlychnyi-dim-gavar/,"Stusa St, Solonka, L'vivs'ka oblast, Ukraine, 81131","{'lat': 49.7580249, 'lng': 24.0133077}",10:00:00,22:00:00,185.0,High
328,Late Breakfast Club,https://glovoapp.com/ua/uk/lviv/late-breakfast-club-lvi/,"Heroiv UPA St, 77, L'viv, L'vivs'ka oblast, Ukraine, 79000","{'lat': 49.8284118, 'lng': 23.9911864}",10:00:00,21:30:00,191.0,High
329,Mexican food,https://glovoapp.com/ua/uk/lviv/mexican-food-lvi/,"Brativ Rohatyntsiv St, 9, L'viv, L'vivs'ka oblast, Ukraine, 79000","{'lat': 49.84012, 'lng': 24.0318122}",11:00:00,21:00:00,57.0,Low
330,Kebab for you,https://glovoapp.com/ua/uk/lviv/kebab-for-you-lvi/,"Shpytalna St, 2, L'viv, L'vivs'ka oblast, Ukraine, 79000","{'lat': 49.8446139, 'lng': 24.0243065}",00:00:00,12:00:00,75.0,Low
331,Bro Kebab,https://glovoapp.com/ua/uk/lviv/bro-kebab-lvi/,"Nestora Litopystsya St, 20А, L'viv, L'vivs'ka oblast, Ukraine, 79000","{'lat': 49.8678712, 'lng': 23.9539078}",12:00:00,23:00:00,123.0,Medium-Low
332,Marevo Craft Organic,https://glovoapp.com/ua/uk/lviv/marevo-craftorganic-lvi/,"Virmens'ka St, 5, L'viv, L'vivs'ka oblast, Ukraine, 79000","{'lat': 49.8430923, 'lng': 24.0303396}",11:00:00,22:00:00,231.0,High
333,Biergarten Lviv,https://glovoapp.com/ua/uk/lviv/biergarten-lviv-lvi/,"Zavodska St, 31, L'viv, L'vivs'ka oblast, Ukraine, 79019","{'lat': 49.8557364, 'lng': 24.0335675}",05:00:00,22:00:00,76.0,Low
334,Take Away + Café MONO,https://glovoapp.com/ua/uk/lviv/take-away-cafe-mono-lvi/,"Horodotska St, 2, L'viv, L'vivs'ka oblast, Ukraine, 79000","{'lat': 49.8445227, 'lng': 24.0251858}",09:00:00,20:00:00,65.0,Low
335,The Garage,https://glovoapp.com/ua/uk/lviv/the-garage-lvi/,"Pekarska St, 13/14, L'viv, L'vivs'ka oblast, Ukraine, 79008","{'lat': 49.8380416, 'lng': 24.03885679999999}",11:00:00,22:00:00,126.0,Medium-Low
336,Hot-Dogs by Doner lab,https://glovoapp.com/ua/uk/lviv/hot-dogs-by-doner-lab/,"Miskevycha Square, 6/7, L'viv, L'vivs'ka oblast, Ukraine, 79005","{'lat': 49.8392505, 'lng': 24.029479}",10:00:00,02:00:00,47.0,Low
337,Escargot. Snail&champagne,https://glovoapp.com/ua/uk/lviv/escargot-snailandchampagne-lvi/,"Drukarska St, 6А, L'viv, L'vivs'ka oblast, Ukraine, 79000","{'lat': 49.84361759999999, 'lng': 24.0321551}",10:00:00,23:00:00,168.0,Medium-High
338,Grand Cafe Leopolis / Гранд кафе Леополіс,https://glovoapp.com/ua/uk/lviv/grand-cafe-leopoli-lvi/,"Rynok Square, 1, L'viv, L'vivs'ka oblast, Ukraine, 79000","{'lat': 49.8418334, 'lng': 24.03112830000001}",09:00:00,22:30:00,425.0,High
339,Restoraunt Kapital / Ресторан Капітал,https://glovoapp.com/ua/uk/lviv/restoraunt-kapital-lvi/,"Promyslova St, 50/52, L'viv, L'vivs'ka oblast, Ukraine, 79000","{'lat': 49.8611268, 'lng': 24.0442847}",08:00:00,18:00:00,89.0,Low
340,Poke Lulu,https://glovoapp.com/ua/uk/lviv/poke-lulu1-lvi/,"Kulparkivska St, 226 А, L'viv, L'vivs'ka oblast, Ukraine, 79000","{'lat': 49.8077403, 'lng': 23.9783733}",10:00:00,22:00:00,,High
341,Miso / МісО,https://glovoapp.com/ua/uk/lviv/miso-lvi/,"Majera Balabana St, 1, L'viv, L'vivs'ka oblast, Ukraine, 79000","{'lat': 49.8462694, 'lng': 24.0237006}",12:00:00,21:00:00,159.0,Medium-High
342,BRONX,https://glovoapp.com/ua/uk/lviv/bronx/,"Mykoly Pymonenka St, 3, L'viv, L'vivs'ka oblast, Ukraine, 79000","{'lat': 49.8096176, 'lng': 24.0649173}",07:00:00,22:00:00,125.0,Medium-Low
343,Cooksy,https://glovoapp.com/ua/uk/lviv/cooksy-lvi/,"Ternopil's'ka St, 21К, L'viv, L'vivs'ka oblast, Ukraine, 79000","{'lat': 49.8109632, 'lng': 24.0354299}",09:00:00,20:00:00,124.0,Medium-Low
344,Legenda,https://glovoapp.com/ua/uk/lviv/legenda-lvi/,"Shevchenka St, 111A, L'viv, L'vivs'ka oblast, Ukraine, 79000","{'lat': 49.85080060000001, 'lng': 23.9912043}",10:00:00,21:00:00,178.0,Medium-High
345,Buenos tacos,https://glovoapp.com/ua/uk/lviv/buenos-tacos-lvi/,"Heroiv Maidanu St, 20, L'viv, L'vivs'ka oblast, Ukraine, 79026","{'lat': 49.82887359999999, 'lng': 24.0180844}",11:00:00,21:00:00,166.0,Medium-High
346,The Unitas Pub,https://glovoapp.com/ua/uk/lviv/the-unitas-pub-lvi/,"Kyivska St, 24, L'viv, L'vivs'ka oblast, Ukraine, 79000","{'lat': 49.833251, 'lng': 24.0091976}",12:00:00,23:59:00,230.0,High
347,UTATI,https://glovoapp.com/ua/uk/lviv/utati-lvi/,"Staroievreiska St, 4, L'viv, L'vivs'ka oblast, Ukraine, 79000","{'lat': 49.84028920000001, 'lng': 24.0313322}",11:00:00,21:00:00,135.0,Medium-Low
348,Pizza by Fabryka Tista / Піца Фабрика тіста,https://glovoapp.com/ua/uk/lviv/pizza-by-fabryka-tista/,"Lazneva St, 3, L'viv, L'vivs'ka oblast, Ukraine, 79000","{'lat': 49.84567970000001, 'lng': 24.0264046}",00:00:00,12:00:00,56.0,Low
349,Humbaba kebab & falafel,https://glovoapp.com/ua/uk/lviv/humbaba-kebab-felafel-lvi/,"Floriańska 51, 31-019 Kraków, Poland","{'lat': 50.0644263, 'lng': 19.9411759}",09:00:00,04:00:00,,High
351,Big Sushi,https://glovoapp.com/ua/uk/lviv/bigsushi-lvi/,"Truskavetska St, 131, L'viv, L'vivs'ka oblast, Ukraine, 81130","{'lat': 49.7977207, 'lng': 23.9901014}",12:00:00,21:00:00,204.0,High
352,Hut Kebab,https://glovoapp.com/ua/uk/lviv/hut-kebab-lvi/,"Shevchenka Ave, 7а, L'viv, L'vivs'ka oblast, Ukraine, 79000","{'lat': 49.83788550000001, 'lng': 24.0315827}",00:00:00,12:00:00,46.0,Low
353,Svit Sushi / Світ Суші,https://glovoapp.com/ua/uk/lviv/svit-sushi-lvi/,"Kerchenska St, 13а, L'viv, L'vivs'ka oblast, Ukraine, 79000","{'lat': 49.8240243, 'lng': 24.0532461}",12:00:00,22:00:00,109.0,Medium-Low
354,Yazyk prokovtnesh / Язик проковтнеш,https://glovoapp.com/ua/uk/lviv/yazyk-lvi/,"Chekhova St, 30, L'viv, L'vivs'ka oblast, Ukraine, 79000","{'lat': 49.8380046, 'lng': 24.0418211}",10:00:00,22:00:00,77.0,Low
355,Persha Pekarnya Tvogo Mista / Перша Пекарня Твого Міста,https://glovoapp.com/ua/uk/lviv/persha-pekarnya-tvogo-mista-lvi/,"Shpytalna St, 11, L'viv, L'vivs'ka oblast, Ukraine, 79000","{'lat': 49.8445427, 'lng': 24.022779}",08:00:00,20:00:00,111.0,Medium-Low
356,Kitsune / Кіцуне,https://glovoapp.com/ua/uk/lviv/kitsune-lvi/,"Koliivshchyny Square, 1, L'viv, L'vivs'ka oblast, Ukraine, 79000","{'lat': 49.84096719999999, 'lng': 24.0343172}",11:00:00,19:00:00,73.0,Low
357,Maxx Kebab,https://glovoapp.com/ua/uk/lviv/maxxkebab-lvi/,"Chervonoyi Kalyny Ave, 61, L'viv, L'vivs'ka oblast, Ukraine, 79000","{'lat': 49.79650139999999, 'lng': 24.0545685}",10:00:00,22:00:00,44.0,Low
358,Venum Sushi,https://glovoapp.com/ua/uk/lviv/venom-sushi-lvi/,"Zelena St, 176, L'viv, L'vivs'ka oblast, Ukraine, 79000","{'lat': 49.81487540000001, 'lng': 24.0603494}",10:00:00,20:00:00,187.0,High
359,Viaro de Gusto Burger,https://glovoapp.com/ua/uk/lviv/viaro-de-gusto-burger-lvi/,"Avraama Linkol'na St, 57, L'viv, L'vivs'ka oblast, Ukraine, 79000","{'lat': 49.8674095, 'lng': 24.0430983}",09:00:00,21:00:00,44.0,Low
360,Oazys / Оазис,https://glovoapp.com/ua/uk/lviv/oazys-lvi/,"Chervonoyi Kalyny Ave, 35, L'viv, L'vivs'ka oblast, Ukraine, 79000","{'lat': 49.7997849, 'lng': 24.0485064}",12:00:00,23:59:00,79.0,Low
361,Sytyy Kozak/ Ситий Козак,https://glovoapp.com/ua/uk/lviv/sytyy-kozak-lvi/,"Bazarna St, 11, L'viv, L'vivs'ka oblast, Ukraine, 79000","{'lat': 49.8459275, 'lng': 24.0187857}",10:00:00,16:00:00,91.0,Low
362,Spacer na dahu / Спацер на даху,https://glovoapp.com/ua/uk/lviv/spacer-na-dahu-lvi/,"Shevska St, 12, L'viv, L'vivs'ka oblast, Ukraine, 79000","{'lat': 49.842205, 'lng': 24.029657}",11:00:00,22:00:00,247.0,High
363,Pasta Cafe,https://glovoapp.com/ua/uk/lviv/pasta-cafe-lvi/,"Dzhokhar Dudaev St, 3, L'viv, L'vivs'ka oblast, Ukraine, 79000","{'lat': 49.8364138, 'lng': 24.0307615}",09:00:00,22:00:00,69.0,Low
364,Breakfast by SHOco,https://glovoapp.com/ua/uk/lviv/breakfastbyshoco-lvi/,"Akademika Andriya Sakharova St, 44, L'viv, L'vivs'ka oblast, Ukraine, 79000","{'lat': 49.828573, 'lng': 24.012112}",08:00:00,21:00:00,,High
365,Italian Garden / Італійський дворик,https://glovoapp.com/ua/uk/lviv/italian-garden-lvi/,"Rynok Square, 6, L'viv, L'vivs'ka oblast, Ukraine, 79000","{'lat': 49.8423151, 'lng': 24.0330272}",10:00:00,22:30:00,168.0,Medium-High
366,Celentano Pizza  / Піца Челентано,https://glovoapp.com/ua/uk/lviv/celentano-pizza-pica-chelentano-lvi/,"вул. Галицька, 1, Rynok Square, 21, L'viv, L'vivs'ka oblast, Ukraine, 79000","{'lat': 49.84101049999999, 'lng': 24.031225}",10:00:00,22:00:00,73.0,Low
367,Ajursushi / Ажурсуші,https://glovoapp.com/ua/uk/lviv/azhursushi-azhursushi-lvi/,"Henerala Chuprynky St, 38, L'viv, L'vivs'ka oblast, Ukraine, 79000","{'lat': 49.8323107, 'lng': 24.0117079}",11:00:00,21:00:00,153.0,Medium-High
368,Bon Appetit,https://glovoapp.com/ua/uk/lviv/bon-appetit-lvi/,"Pekarska St, 69Б, L'viv, L'vivs'ka oblast, Ukraine, 79000","{'lat': 49.83768600000001, 'lng': 24.0466663}",09:00:00,17:00:00,129.0,Medium-Low
369,NOVA Asia,https://glovoapp.com/ua/uk/lviv/asiastar-lvi/,"ТРЦ «Victoria Gardens», вул. Кульпарківська, 226 А, Львів, Львівська область, Ukraine, 79000","{'lat': 49.8075836, 'lng': 23.9782164}",10:00:00,22:00:00,139.0,Medium-High
370,HooLeeGang.Burger,https://glovoapp.com/ua/uk/lviv/hooleegangburger-lvi/,"Staroievreiska St, 26, L'viv, L'vivs'ka oblast, Ukraine, 79000","{'lat': 49.8406222, 'lng': 24.0329941}",11:00:00,23:00:00,164.0,Medium-High
371,Zhyvyi khlib / Живий хліб,https://glovoapp.com/ua/uk/lviv/zhyvyi-khlib-lvi/,"Heroiv UPA St, 78, L'viv, L'vivs'ka oblast, Ukraine, 79000","{'lat': 49.8298626, 'lng': 23.99349}",08:00:00,20:00:00,64.0,Low
372,Азійські сніданки NOA,https://glovoapp.com/ua/uk/lviv/azijski-snidanki-noa-lvi/,"Kryva Lypa Passage, 8, L'viv, L'vivs'ka oblast, Ukraine, 79000","{'lat': 49.8407768, 'lng': 24.0257156}",11:00:00,22:00:00,98.0,Medium-Low
373,Vezha/ Вежа,https://glovoapp.com/ua/uk/lviv/vezha-lvi/,"Ivana Franka St, 160, L'viv, L'vivs'ka oblast, Ukraine, 79026","{'lat': 49.8204856, 'lng': 24.0269751}",12:00:00,22:00:00,150.0,Medium-High
374,Kafe Hendelyk / Кафе Генделик,https://glovoapp.com/ua/uk/lviv/kafe-hendelyk-lvi/,"Valova St, 5, L'viv, L'vivs'ka oblast, Ukraine, 79000","{'lat': 49.8396839, 'lng': 24.0317553}",08:00:00,22:00:00,,High
375,Kondyterka Na Lemkivsʹkiy / Кондитерка на Лемківській,https://glovoapp.com/ua/uk/lviv/kondyterka-na-lemkivs-kiy-lvi/,"Lemkivska St, 15, L'viv, L'vivs'ka oblast, Ukraine, 79000","{'lat': 49.85360479999999, 'lng': 24.0260625}",08:00:00,21:00:00,241.0,High
376,Tamash Kebab,https://glovoapp.com/ua/uk/lviv/tamash-kebab-lvi/,"Panteleimona Kulisha St, 10, L'viv, L'vivs'ka oblast, Ukraine, 79000","{'lat': 49.8467692, 'lng': 24.0246152}",10:00:00,21:00:00,28.0,Low
377,Emelis,https://glovoapp.com/ua/uk/lviv/emelis-lvi/,"Mykhaila Verbyts'koho St, 5, L'viv, L'vivs'ka oblast, Ukraine, 79013","{'lat': 49.83421800000001, 'lng': 24.0173831}",10:00:00,22:00:00,124.0,Medium-Low
378,Феліс/Felis,https://glovoapp.com/ua/uk/lviv/felis-lvi/,"Antonovycha St, 112a, L'viv, L'vivs'ka oblast, Ukraine, 79000","{'lat': 49.8287266, 'lng': 23.9940467}",10:00:00,22:00:00,208.0,High
379,Korovai / Коровай,https://glovoapp.com/ua/uk/lviv/korovai-lvi/,"Zamarstynivska St, L'viv, L'vivs'ka oblast, Ukraine, 79000","{'lat': 49.8663973, 'lng': 24.0251639}",00:00:00,12:00:00,54.0,Low
380,Silpo Resto / Сільпо Ресто,https://glovoapp.com/ua/uk/lviv/silpo-restolvi/,"Vicroria Gardens, вул. Кульпарківська, 226 А, L'viv, L'vivs'ka oblast, Ukraine, 79021","{'lat': 49.8071358, 'lng': 23.9782096}",10:00:00,20:00:00,165.0,Medium-High
381,TUTTA PIZZA,https://glovoapp.com/ua/uk/lviv/tutta-pizza-lvi/,"QXFP+VR, Sokilnyky, Lviv Oblast, Ukraine, 81130","{'lat': 49.7746757, 'lng': 23.9871068}",11:00:00,21:00:00,181.0,Medium-High
382,Kaferynok / Каферинок,https://glovoapp.com/ua/uk/lviv/kaferinok-lvi/,"Knyahyni Ol'hy St, 100, L'viv, L'vivs'ka oblast, Ukraine, 79053","{'lat': 49.81605019999999, 'lng': 24.0016884}",08:00:00,21:00:00,106.0,Medium-Low
383,Godzilla sushi,https://glovoapp.com/ua/uk/lviv/godzilla-sushi-lvi/,"Majera Balabana St, 1, L'viv, L'vivs'ka oblast, Ukraine, 79000","{'lat': 49.8462694, 'lng': 24.0237006}",12:00:00,21:00:00,578.0,High
384,K-Food,https://glovoapp.com/ua/uk/lviv/k-food-lvi/,"Tyktora St, 4, L'viv, L'vivs'ka oblast, Ukraine, 79000","{'lat': 49.842553, 'lng': 24.0254518}",11:00:00,21:00:00,103.0,Medium-Low
385,Hamaya Sushi,https://glovoapp.com/ua/uk/lviv/hamaya-sushi-lvi/,"Stryiska St, 202, L'viv, L'vivs'ka oblast, Ukraine, 79000","{'lat': 49.7984686, 'lng': 24.0145127}",11:00:00,22:00:00,140.0,Medium-High
386,Khinkali po Tbilisʹky / Хінкалі По-Тбіліськи,https://glovoapp.com/ua/uk/lviv/khinkali-po-tbilisky-lvi/,"вулиця Кульпарківська, 226а Трц Victoria garden, Akademika Lyulʹky, Akademika Lyul'ky St, 4, L'viv, L'vivs'ka oblast, Ukraine, 79000","{'lat': 49.8487111, 'lng': 24.0252251}",10:00:00,22:00:00,87.0,Low
387,Wraps,https://glovoapp.com/ua/uk/lviv/wraps-lvi/,"Pid Dubom St, 14/4, L'viv, L'vivs'ka oblast, Ukraine, 79000","{'lat': 49.8505857, 'lng': 24.0221448}",11:00:00,23:00:00,72.0,Low
388,Sushi Wok,https://glovoapp.com/ua/uk/lviv/sushi-wok-lvi/,"Viacheslava Chornovola Ave, 16і, L'viv, L'vivs'ka oblast, Ukraine, 79058","{'lat': 49.85551719999999, 'lng': 24.0243108}",10:00:00,22:00:00,160.0,Medium-High
389,Best Kebab,https://glovoapp.com/ua/uk/lviv/best-kebab-lvi/,"Tadeusha Kostyushka St, 3, L'viv, L'vivs'ka oblast, Ukraine, 79000","{'lat': 49.8394914, 'lng': 24.0242848}",10:00:00,21:00:00,125.0,Medium-Low
390,Zelenyi zmii - LaBARatoriia / Зелений змій - ЛаБАРаторія,https://glovoapp.com/ua/uk/lviv/zelenyi-zmii-labaratoriia-lvi/,"Virmens'ka St, 3, L'viv, L'vivs'ka oblast, Ukraine, 79008","{'lat': 49.8430603, 'lng': 24.0297007}",11:00:00,22:00:00,155.0,Medium-High
391,Star Kebab,https://glovoapp.com/ua/uk/lviv/star-kebab-lvi/,"Soborna Square, L'viv, L'vivs'ka oblast, Ukraine, 79000","{'lat': 49.8390468, 'lng': 24.0346642}",10:00:00,22:00:00,89.0,Low
392,Pro100 Kava / Про100 Кава,https://glovoapp.com/ua/uk/lviv/pro100-lviv/,"Pekarska St, 5, L'viv, L'vivs'ka oblast, Ukraine, 79000","{'lat': 49.8379769, 'lng': 24.0372349}",08:00:00,20:00:00,62.0,Low
393,La Cafe,https://glovoapp.com/ua/uk/lviv/la-cafe-lvi/,"Pekarska St, 50, L'viv, L'vivs'ka oblast, Ukraine, 79000","{'lat': 49.83742849999999, 'lng': 24.0423319}",08:00:00,22:00:00,,High
394,Na Krylakh/ На Крилах,https://glovoapp.com/ua/uk/lviv/na-krylakh-lvi/,"Dehtiarivska St, 53А, Kyiv, Ukraine, 03113","{'lat': 50.4596082, 'lng': 30.4265566}",10:00:00,23:00:00,66.0,Low
395,Honey Hive/Вулик,https://glovoapp.com/ua/uk/lviv/honey-hive-lvi/,"Mykhaila Hrushevskoho St, 16, L'viv, L'vivs'ka oblast, Ukraine, 79000","{'lat': 49.83335199999999, 'lng': 24.0335014}",10:00:00,22:00:00,97.0,Medium-Low
396,Celentano Ristorante,https://glovoapp.com/ua/uk/lviv/celentanoristorantelviv/,"вул. Галицька, 1, Rynok Square, 21, L'viv, L'vivs'ka oblast, Ukraine, 79000","{'lat': 49.84101049999999, 'lng': 24.031225}",10:00:00,22:00:00,130.0,Medium-Low
397,Gold sushi pizza,https://glovoapp.com/ua/uk/lviv/gold-sushi-pizza-lvi/,"Hutorivka St, 40а, L'viv, L'vivs'ka oblast, Ukraine, 79070","{'lat': 49.8020134, 'lng': 24.0530745}",10:00:00,22:00:00,271.0,High
398,Pepperoni,https://glovoapp.com/ua/uk/lviv/pepperoni-lvi/,"Ivana Franka St, 75, L'viv, L'vivs'ka oblast, Ukraine, 79000","{'lat': 49.8300442, 'lng': 24.0318485}",10:00:00,22:00:00,214.0,High
399,Sisters,https://glovoapp.com/ua/uk/lviv/sisters-lvi/,"Stepana Bandery St, 43, L'viv, L'vivs'ka oblast, Ukraine, 79013","{'lat': 49.8344424, 'lng': 24.0117286}",10:00:00,19:00:00,,High
400,Phila Cheesesteaks and drinks / Філа чізстейк,https://glovoapp.com/ua/uk/lviv/phila-cheesesteaks-and-drinks-lvi/,"Kryva Lypa Passage, 8, L'viv, L'vivs'ka oblast, Ukraine, 79000","{'lat': 49.8405494, 'lng': 24.0259029}",10:00:00,21:00:00,121.0,Medium-Low
401,Basil Pinsa Rock'n'Roll,https://glovoapp.com/ua/uk/lviv/basil-pinsa-rocknroll-lvi/,"Henerala Yunakiva St, 9б, L'viv, L'vivs'ka oblast, Ukraine, 79000","{'lat': 49.8467531, 'lng': 24.0008248}",10:00:00,22:00:00,134.0,Medium-Low
402,Impero Cafe,https://glovoapp.com/ua/uk/lviv/impero-cafe-lvi/,"Kulparkivska St, 64а, L'viv, L'vivs'ka oblast, Ukraine, 79041","{'lat': 49.8265214, 'lng': 23.9896052}",09:00:00,21:00:00,180.0,Medium-High
403,Pizza Napoletana,https://glovoapp.com/ua/uk/lviv/pizza-napoletano-lvi/,"Dvirtseva Square, 1, L'viv, L'vivs'ka oblast, Ukraine, 79011","{'lat': 49.8395029, 'lng': 23.996291}",08:00:00,23:00:00,133.0,Medium-Low
404,Enso Sushi,https://glovoapp.com/ua/uk/lviv/enso-sushi-lvi/,"вулиця Тараса Шевченка, 360, L'viv, L'vivs'ka oblast, Ukraine, 79069","{'lat': 49.8693812, 'lng': 23.9533929}",10:00:00,20:00:00,190.0,High
405,Khlopska Restoratsiia Buriachok / Хлопська Ресторація Бурячок,https://glovoapp.com/ua/uk/lviv/khlopska-restoratsiia-buriachok/,"Mykhaila Hrushevskoho St, 9, L'viv, L'vivs'ka oblast, Ukraine, 79000","{'lat': 49.83436990000001, 'lng': 24.0324728}",10:00:00,23:00:00,113.0,Medium-Low
406,Myasna Bochka / М'ясна Бочка,https://glovoapp.com/ua/uk/lviv/myasna-bochka-lvi/,"Knyahyni Ol'hy St, 116, L'viv, L'vivs'ka oblast, Ukraine, 79000","{'lat': 49.80594029999999, 'lng': 23.9976543}",11:30:00,20:30:00,184.0,High
407,Freezeout,https://glovoapp.com/ua/uk/lviv/freezeout-lvi/,"Stavropihiiska St, 3, L'viv, L'vivs'ka oblast, Ukraine, 79008","{'lat': 49.84281319999999, 'lng': 24.0325053}",12:00:00,22:00:00,123.0,Medium-Low
408,TUTTI PIZZA,https://glovoapp.com/ua/uk/lviv/tutti-pizza-lvi/,"QXFP+VR, Sokilnyky, Lviv Oblast, Ukraine, 81130","{'lat': 49.7746757, 'lng': 23.9871068}",11:00:00,21:00:00,203.0,High
409,Sushi Kioto / Суші Кіото,https://glovoapp.com/ua/uk/lviv/sushi-kioto-lvi/,"Osvytska St, 1, L'viv, L'vivs'ka oblast, Ukraine, 79066","{'lat': 49.7874148, 'lng': 24.0519778}",10:00:00,21:45:00,186.0,High
410,Okada,https://glovoapp.com/ua/uk/lviv/okada-lvi/,"Vasylya Stusa St, 22-А, L'viv, L'vivs'ka oblast, Ukraine, 79000","{'lat': 49.81792469999999, 'lng': 24.0431113}",09:00:00,20:30:00,212.0,High
411,Otset / Оцет,https://glovoapp.com/ua/uk/lviv/otset-lvi/,"Kam'yanytsya Yakubsholʹtsivsʹka, Rynok Square, 25, L'viv, L'vivs'ka oblast, Ukraine, 79000","{'lat': 49.84134899999999, 'lng': 24.03063899999999}",12:00:00,21:00:00,179.0,Medium-High
412,Tomato,https://glovoapp.com/ua/uk/lviv/tomato-lviv/,"Uhorska St, 14, L'viv, L'vivs'ka oblast, Ukraine, 79000","{'lat': 49.8089647, 'lng': 24.045691}",08:30:00,18:30:00,147.0,Medium-High
413,Sushi Do / Суші До,https://glovoapp.com/ua/uk/lviv/sushi-do-lvi/,"Naukova St, 59а, L'viv, L'vivs'ka oblast, Ukraine, 79000","{'lat': 49.8045949, 'lng': 23.9846714}",10:00:00,21:00:00,164.0,Medium-High
414,Al Volo,https://glovoapp.com/ua/uk/lviv/al-volo-lvi/,"Ivana Franka St, 74, L'viv, L'vivs'ka oblast, Ukraine, 79000","{'lat': 49.82985619999999, 'lng': 24.0306763}",11:00:00,19:00:00,103.0,Medium-Low
415,AMMO / АММО,https://glovoapp.com/ua/uk/lviv/sushiammo-lvi/,"Valova St, 15, L'viv, L'vivs'ka oblast, Ukraine, 79008","{'lat': 49.8400367, 'lng': 24.0332522}",12:00:00,21:30:00,155.0,Medium-High
416,Burger Joint - бургери на вугіллі,https://glovoapp.com/ua/uk/lviv/burger-joint-lvi/,"Staroievreiska St, 26, L'viv, L'vivs'ka oblast, Ukraine, 79000","{'lat': 49.8406222, 'lng': 24.0329941}",11:00:00,23:00:00,175.0,Medium-High
417,Hata  / Хата,https://glovoapp.com/ua/uk/lviv/hata-lvi/,"Volodymyra Velykoho St, 26а, L'viv, L'vivs'ka oblast, Ukraine, 79053","{'lat': 49.81111900000001, 'lng': 23.996079}",11:00:00,21:00:00,160.0,Medium-High
418,Tempo caffe,https://glovoapp.com/ua/uk/lviv/tempo-caffe-lvi/,"Pasichna St, 171, L'viv, L'vivs'ka oblast, Ukraine, 79000","{'lat': 49.8034743, 'lng': 24.0737701}",09:00:00,21:00:00,64.0,Low
419,Marevo,https://glovoapp.com/ua/uk/lviv/marevo-lvi/,"Virmens'ka St, 5, L'viv, L'vivs'ka oblast, Ukraine, 79000","{'lat': 49.8430923, 'lng': 24.0303396}",11:00:00,22:00:00,245.0,High
420,Siesta / Сієста,https://glovoapp.com/ua/uk/lviv/siyesta-lvi/,"Ostapa Nyzhankivs'koho St, 24, L'viv, L'vivs'ka oblast, Ukraine, 79000","{'lat': 49.8377606, 'lng': 24.0322904}",10:30:00,18:30:00,164.0,Medium-High
421,SDV Coffee,https://glovoapp.com/ua/uk/lviv/sdv-coffee-shop-lvi/,"Krakivska St, 23, L'viv, L'vivs'ka oblast, Ukraine, 79008","{'lat': 49.8441573, 'lng': 24.029529}",08:00:00,22:00:00,96.0,Medium-Low
422,The Best Donuts / Dobra Paczkarnia,https://glovoapp.com/ua/uk/lviv/the-best-donuts-dobra-paczkarnia-lvi/,"Nowy Świat 28, 00-373 Warszawa, Poland","{'lat': 52.23307149999999, 'lng': 21.01978639999999}",08:00:00,19:00:00,50.0,Low
423,Persha Lipsha/ Перша Ліпша,https://glovoapp.com/ua/uk/lviv/persha-lipsha-lvi/,"Soborna Square, 2А, L'viv, L'vivs'ka oblast, Ukraine, 79000","{'lat': 49.83951459999999, 'lng': 24.0338359}",10:00:00,22:40:00,90.0,Low
424,PAB-BROVARNIA VAVILON / ПАБ-БРОВАРНЯ ВАВІЛОН,https://glovoapp.com/ua/uk/lviv/pab-brovarnia-vavilon-lvi/,"Vulytsya Karla Miklʹosha, 27, L'viv, L'vivs'ka oblast, Ukraine, 79000","{'lat': 49.7824406, 'lng': 24.0220197}",12:00:00,22:00:00,182.0,Medium-High
425,Taiemnytsia Opery/ Таємниця Опери,https://glovoapp.com/ua/uk/lviv/taiemnytsia-opery-lvi/,"Svobody Ave, 28, L'viv, L'vivs'ka oblast, Ukraine, 79000","{'lat': 49.8440167, 'lng': 24.0262123}",09:00:00,21:00:00,93.0,Medium-Low
426,Restaurant-pub The POLE / Ресторан-паб The POLE,https://glovoapp.com/ua/uk/lviv/pole-lvi/,"Sportova St, 2, Vynnyky, L'vivs'ka oblast, Ukraine, 79495","{'lat': 49.8056503, 'lng': 24.1353573}",12:00:00,22:00:00,105.0,Medium-Low
427,Soniashnyk / Соняшник,https://glovoapp.com/ua/uk/lviv/soniashnyk-lvi/,"Bohdana Khmel'nyts'koho St, 172, L'viv, L'vivs'ka oblast, Ukraine, 79000","{'lat': 49.85980470000001, 'lng': 24.0491383}",09:00:00,18:00:00,129.0,Medium-Low
428,Celentano Pizza  / Піца Челентано,https://glovoapp.com/ua/uk/lviv/celentanolvi2/,"вул. Галицька, 1, Rynok Square, 21, L'viv, L'vivs'ka oblast, Ukraine, 79000","{'lat': 49.84101049999999, 'lng': 24.031225}",10:00:00,22:00:00,69.0,Low
429,Krayina Mriy / Країна Мрій,https://glovoapp.com/ua/uk/lviv/krayina-mriy-lvi/,"Stryiska St, 45, L'viv, L'vivs'ka oblast, Ukraine, 79031","{'lat': 49.8059328, 'lng': 24.0192452}",12:00:00,21:00:00,139.0,Medium-High
430,Marchello,https://glovoapp.com/ua/uk/lviv/marchello-lvi/,"Ivana Vyhovskoho St, 100, L'viv, L'vivs'ka oblast, Ukraine, 79000","{'lat': 49.8123201, 'lng': 23.9774543}",10:00:00,22:00:00,197.0,High
431,Gelato.in.ua,https://glovoapp.com/ua/uk/lviv/gelato-lvi/,"ЖК Америка, Yaneva St, 19, L'viv, L'vivs'ka oblast, Ukraine, 79026","{'lat': 49.81035989999999, 'lng': 24.0111684}",09:00:00,20:00:00,102.0,Medium-Low
432,Dolche Vita / Дольче Віта,https://glovoapp.com/ua/uk/lviv/dolche-vita-lvi/,"Krakivska St, 5, L'viv, L'vivs'ka oblast, Ukraine, 79000","{'lat': 49.842638, 'lng': 24.0301701}",11:00:00,23:00:00,165.0,Medium-High
433,Celentano Pizza  / Піца Челентано,https://glovoapp.com/ua/uk/lviv/celentanolvi/,"вул. Галицька, 1, Rynok Square, 21, L'viv, L'vivs'ka oblast, Ukraine, 79000","{'lat': 49.84101049999999, 'lng': 24.031225}",10:00:00,22:00:00,152.0,Medium-High
434,Любима Буся / Lyubyma Busya,https://glovoapp.com/ua/uk/lviv/lyubymabusya-lvi/,"Volodymyra Velykoho St, 14А, L'viv, L'vivs'ka oblast, Ukraine, 79000","{'lat': 49.8120548, 'lng': 24.0042901}",10:00:00,22:00:00,122.0,Medium-Low
435,CIABATTA BURGER PARADISE,https://glovoapp.com/ua/uk/lviv/ciabatta-burger-paradise-lvi/,"Bohdana Khmel'nyts'koho St, 161, L'viv, L'vivs'ka oblast, Ukraine, 79000","{'lat': 49.8541523, 'lng': 24.0436727}",09:00:00,21:00:00,104.0,Medium-Low
436,Anthill,https://glovoapp.com/ua/uk/lviv/anthill-lvi/,"Dzherelna St, 69, L'viv, L'vivs'ka oblast, Ukraine, 79000","{'lat': 49.8526531, 'lng': 24.0192446}",12:00:00,22:00:00,67.0,Low
437,Азійські сніданки NOA,https://glovoapp.com/ua/uk/lviv/azijski-snidanki-noa2-lvi/,"Kryva Lypa Passage, 8, L'viv, L'vivs'ka oblast, Ukraine, 79000","{'lat': 49.8407768, 'lng': 24.0257156}",11:00:00,22:00:00,,High
438,KASHKA / КАШКА,https://glovoapp.com/ua/uk/lviv/kashka-lvl/,"Shota Rustaveli St, 10а, L'viv, L'vivs'ka oblast, Ukraine, 79005","{'lat': 49.8327546, 'lng': 24.0348474}",09:00:00,19:30:00,83.0,Low
439,PERSHYI - kava ta yizha / ПЕРШИЙ - кава та їжа,https://glovoapp.com/ua/uk/lviv/pershyi-kava-ta-yizha-lvi/,"Rynok Square, 25, L'viv, L'vivs'ka oblast, Ukraine, 79000","{'lat': 49.84138360000001, 'lng': 24.030807}",09:00:00,21:00:00,121.0,Medium-Low
440,ANDERSEN,https://glovoapp.com/ua/uk/lviv/andersen-lvi/,"Akademika Rudnyts'koho St, 39, L'viv, L'vivs'ka oblast, Ukraine, 79057","{'lat': 49.821268, 'lng': 24.000073}",10:00:00,21:00:00,219.0,High
441,Krevetka Cafe / Креветка Cafe,https://glovoapp.com/ua/uk/lviv/krevetka-cafe-lvi/,"Brativ Rohatyntsiv St, 49, L'viv, L'vivs'ka oblast, Ukraine, 79000","{'lat': 49.8410072, 'lng': 24.0347176}",12:00:00,22:30:00,124.0,Medium-Low
442,Yazykata Teshcha/Язиката Теща,https://glovoapp.com/ua/uk/lviv/yazykata-teshcha/,"Svobody Ave, 16, L'viv, L'vivs'ka oblast, Ukraine, 79000","{'lat': 49.84155779999999, 'lng': 24.0285505}",09:00:00,22:00:00,98.0,Medium-Low
443,Ne zlipnetsya /Не Злипнеться,https://glovoapp.com/ua/uk/lviv/ne-zlipnetsya-lvi/,"Kulparkivska St, 59, L'viv, L'vivs'ka oblast, Ukraine, 79000","{'lat': 49.826969, 'lng': 23.990278}",10:00:00,18:00:00,85.0,Low
444,KSV Domashnya Kuhnya / KSV Домашня Кухня,https://glovoapp.com/ua/uk/lviv/ksv-domashnya-kuhnya-lvi/,"ЛеопольТаун, Stryiska St, 111Б, L'viv, L'vivs'ka oblast, Ukraine, 79045","{'lat': 49.7865364, 'lng': 24.0194664}",10:00:00,20:00:00,86.0,Low
445,TerrazzA restaurant,https://glovoapp.com/ua/uk/lviv/terrazza-restaurant-lvi/,"Zvenyhorods'ka Square, 3, L'viv, L'vivs'ka oblast, Ukraine, 79019","{'lat': 49.8450904, 'lng': 24.02975289999999}",01:00:00,21:00:00,246.0,High
446,Doner lab,https://glovoapp.com/ua/uk/lviv/doner-lab/,"Miskevycha Square, 6/7, L'viv, L'vivs'ka oblast, Ukraine, 79005","{'lat': 49.8392505, 'lng': 24.029479}",10:00:00,02:00:00,118.0,Medium-Low
447,Celentano Санта Барбара,https://glovoapp.com/ua/uk/lviv/celentanoristorante-lvi/,"Chervonoyi Kalyny Ave, 109, L'viv, L'vivs'ka oblast, Ukraine, 79000","{'lat': 49.7851605, 'lng': 24.061333}",10:00:00,22:00:00,171.0,Medium-High
448,All Kebab,https://glovoapp.com/ua/uk/lviv/all-kebab-lvi/,"Horodotska St, 9, L'viv, L'vivs'ka oblast, Ukraine, 79007","{'lat': 49.8439522, 'lng': 24.024528}",00:00:00,12:00:00,88.0,Low
449,Kotygoroshko / Котигорошко,https://glovoapp.com/ua/uk/lviv/kotigoroshko-lvi/,"Shyroka St, 96а, L'viv, L'vivs'ka oblast, Ukraine, 79000","{'lat': 49.8445828, 'lng': 23.9596461}",07:00:00,23:00:00,65.0,Low
450,KIIT / КІІТ,https://glovoapp.com/ua/uk/lviv/kiit-lvi/,"Друкарська, 4 (Вірменська, 24), L'viv, L'vivs'ka oblast, Ukraine, 79000","{'lat': 49.843132, 'lng': 24.03222199999999}",10:00:00,22:30:00,79.0,Low
451,Drongal,https://glovoapp.com/ua/uk/lviv/drongal-lvi/,"79000, L'viv, L'vivs'ka oblast, Ukraine, 79000","{'lat': 49.8399998, 'lng': 24.0484532}",08:00:00,20:00:00,158.0,Medium-High
452,Eight Bar Lviv,https://glovoapp.com/ua/uk/lviv/eight-bar-lvi/,"Tadeusha Kostyushka St, 8, L'viv, L'vivs'ka oblast, Ukraine, 79000","{'lat': 49.8400139, 'lng': 24.0240312}",10:00:00,23:00:00,139.0,Medium-High
453,Familia Wok & Pasta,https://glovoapp.com/ua/uk/lviv/familia-wok-and-pasta-lvi/,"Kryva Lypa Passage, 9, L'viv, L'vivs'ka oblast, Ukraine, 79000","{'lat': 49.840792, 'lng': 24.026065}",11:00:00,21:00:00,57.0,Low
454,Mii Kebab / Мій Кебаб,https://glovoapp.com/ua/uk/lviv/mii-kebab-lvi/,"Lviv, Lviv Oblast, Ukraine, 79040","{'lat': 49.822988, 'lng': 23.9640282}",00:00:00,12:00:00,45.0,Low
455,Super Dessert Lviv,https://glovoapp.com/ua/uk/lviv/super-dessert-lviv-lvi/,"Mykoly Kopernyka St, 1, L'viv, L'vivs'ka oblast, Ukraine, 79000","{'lat': 49.83915079999999, 'lng': 24.0284095}",09:00:00,23:00:00,56.0,Low
456,Churrasco Grill & Beer,https://glovoapp.com/ua/uk/lviv/churrasco-grill-beer-lvi/,"Valova St, 15, L'viv, L'vivs'ka oblast, Ukraine, 79000","{'lat': 49.8401155, 'lng': 24.0334444}",12:00:00,23:59:00,168.0,Medium-High
457,Khinkali Bar / Хінкалі бар,https://glovoapp.com/ua/uk/lviv/khinkali-bar-lvi/,"вулиця Кульпарківська, 226а Трц Victoria garden, Akademika Lyulʹky, Akademika Lyul'ky St, 4, L'viv, L'vivs'ka oblast, Ukraine, 79000","{'lat': 49.8487111, 'lng': 24.0252251}",10:00:00,22:00:00,117.0,Medium-Low
